Date,Exchange rate
1979-12-31,0.45
1980-01-02,0.45
1980-01-03,0.45
1980-01-04,0.45
1980-01-07,0.44
1980-01-08,0.44
1980-01-09,0.44
1980-01-10,0.44
1980-01-11,0.44
1980-01-14,0.44
1980-01-15,0.44
1980-01-16,0.44
1980-01-17,0.44
1980-01-18,0.44
1980-01-21,0.44
1980-01-22,0.44
1980-01-23,0.44
1980-01-24,0.44
1980-01-25,0.44
1980-01-28,0.44
1980-01-29,0.44
1980-01-30,0.44
1980-01-31,0.44
1980-02-01,0.44
1980-02-04,0.44
1980-02-05,0.44
1980-02-06,0.43
1980-02-07,0.43
1980-02-08,0.44
1980-02-11,0.43
1980-02-13,0.43
1980-02-14,0.43
1980-02-15,0.44
1980-02-19,0.44
1980-02-20,0.44
1980-02-21,0.44
1980-02-22,0.44
1980-02-25,0.44
1980-02-26,0.44
1980-02-27,0.44
1980-02-28,0.44
1980-02-29,0.44
1980-03-03,0.45
1980-03-04,0.45
1980-03-05,0.45
1980-03-06,0.45
1980-03-07,0.45
1980-03-10,0.45
1980-03-11,0.45
1980-03-12,0.45
1980-03-13,0.45
1980-03-14,0.45
1980-03-17,0.46
1980-03-18,0.46
1980-03-19,0.46
1980-03-20,0.46
1980-03-21,0.46
1980-03-24,0.46
1980-03-25,0.46
1980-03-26,0.46
1980-03-27,0.46
1980-03-28,0.46
1980-03-31,0.46
1980-04-01,0.46
1980-04-02,0.46
1980-04-03,0.47
1980-04-04,0.47
1980-04-07,0.47
1980-04-08,0.46
1980-04-09,0.46
1980-04-10,0.46
1980-04-11,0.46
1980-04-14,0.45
1980-04-15,0.46
1980-04-16,0.45
1980-04-17,0.45
1980-04-18,0.45
1980-04-21,0.45
1980-04-22,0.45
1980-04-23,0.44
1980-04-24,0.44
1980-04-25,0.44
1980-04-28,0.44
1980-04-29,0.44
1980-04-30,0.44
1980-05-01,0.44
1980-05-02,0.44
1980-05-05,0.44
1980-05-06,0.44
1980-05-07,0.44
1980-05-08,0.44
1980-05-09,0.44
1980-05-12,0.44
1980-05-13,0.44
1980-05-14,0.44
1980-05-15,0.43
1980-05-16,0.44
1980-05-19,0.44
1980-05-20,0.44
1980-05-21,0.43
1980-05-22,0.43
1980-05-23,0.43
1980-05-27,0.42
1980-05-28,0.42
1980-05-29,0.43
1980-05-30,0.43
1980-06-02,0.43
1980-06-03,0.43
1980-06-04,0.43
1980-06-05,0.43
1980-06-06,0.43
1980-06-09,0.43
1980-06-10,0.43
1980-06-11,0.43
1980-06-12,0.43
1980-06-13,0.43
1980-06-16,0.43
1980-06-17,0.43
1980-06-18,0.43
1980-06-19,0.43
1980-06-20,0.43
1980-06-23,0.43
1980-06-24,0.43
1980-06-25,0.43
1980-06-26,0.43
1980-06-27,0.43
1980-06-30,0.42
1980-07-01,0.42
1980-07-02,0.42
1980-07-03,0.43
1980-07-07,0.42
1980-07-08,0.42
1980-07-09,0.42
1980-07-10,0.42
1980-07-11,0.42
1980-07-14,0.42
1980-07-15,0.42
1980-07-16,0.42
1980-07-17,0.42
1980-07-18,0.42
1980-07-21,0.42
1980-07-22,0.42
1980-07-23,0.42
1980-07-24,0.42
1980-07-25,0.42
1980-07-28,0.42
1980-07-29,0.42
1980-07-30,0.43
1980-07-31,0.43
1980-08-01,0.43
1980-08-04,0.43
1980-08-05,0.42
1980-08-06,0.42
1980-08-07,0.42
1980-08-08,0.42
1980-08-11,0.42
1980-08-12,0.42
1980-08-13,0.42
1980-08-14,0.42
1980-08-15,0.42
1980-08-18,0.42
1980-08-19,0.42
1980-08-20,0.42
1980-08-21,0.42
1980-08-22,0.42
1980-08-25,0.42
1980-08-26,0.42
1980-08-27,0.42
1980-08-28,0.42
1980-08-29,0.42
1980-09-02,0.41
1980-09-03,0.41
1980-09-04,0.41
1980-09-05,0.41
1980-09-08,0.41
1980-09-09,0.42
1980-09-10,0.42
1980-09-11,0.41
1980-09-12,0.41
1980-09-15,0.42
1980-09-16,0.42
1980-09-17,0.42
1980-09-18,0.42
1980-09-19,0.42
1980-09-22,0.42
1980-09-23,0.42
1980-09-24,0.42
1980-09-25,0.42
1980-09-26,0.42
1980-09-29,0.42
1980-09-30,0.42
1980-10-01,0.42
1980-10-02,0.42
1980-10-03,0.42
1980-10-06,0.42
1980-10-07,0.42
1980-10-08,0.42
1980-10-09,0.42
1980-10-10,0.42
1980-10-14,0.42
1980-10-15,0.42
1980-10-16,0.41
1980-10-17,0.41
1980-10-20,0.41
1980-10-21,0.41
1980-10-22,0.41
1980-10-23,0.41
1980-10-24,0.41
1980-10-27,0.41
1980-10-28,0.41
1980-10-29,0.41
1980-10-30,0.41
1980-10-31,0.41
1980-11-03,0.41
1980-11-05,0.41
1980-11-06,0.41
1980-11-07,0.41
1980-11-10,0.42
1980-11-12,0.41
1980-11-13,0.41
1980-11-14,0.42
1980-11-17,0.42
1980-11-18,0.42
1980-11-19,0.42
1980-11-20,0.42
1980-11-21,0.42
1980-11-24,0.43
1980-11-25,0.42
1980-11-26,0.42
1980-11-28,0.42
1980-12-01,0.43
1980-12-02,0.43
1980-12-03,0.43
1980-12-04,0.43
1980-12-05,0.43
1980-12-08,0.43
1980-12-09,0.43
1980-12-10,0.43
1980-12-11,0.43
1980-12-12,0.43
1980-12-15,0.43
1980-12-16,0.43
1980-12-17,0.43
1980-12-18,0.43
1980-12-19,0.43
1980-12-22,0.43
1980-12-23,0.42
1980-12-24,0.42
1980-12-26,0.42
1980-12-29,0.42
1980-12-30,0.42
1980-12-31,0.42
1981-01-02,0.42
1981-01-05,0.41
1981-01-06,0.41
1981-01-07,0.41
1981-01-08,0.42
1981-01-09,0.42
1981-01-12,0.42
1981-01-13,0.42
1981-01-14,0.42
1981-01-15,0.42
1981-01-16,0.42
1981-01-19,0.42
1981-01-20,0.41
1981-01-21,0.41
1981-01-22,0.42
1981-01-23,0.42
1981-01-26,0.41
1981-01-27,0.42
1981-01-28,0.42
1981-01-29,0.42
1981-01-30,0.42
1981-02-02,0.43
1981-02-03,0.43
1981-02-04,0.42
1981-02-05,0.43
1981-02-06,0.43
1981-02-09,0.43
1981-02-10,0.43
1981-02-11,0.43
1981-02-13,0.44
1981-02-17,0.44
1981-02-18,0.44
1981-02-19,0.44
1981-02-20,0.43
1981-02-23,0.45
1981-02-24,0.45
1981-02-25,0.45
1981-02-26,0.45
1981-02-27,0.45
1981-03-02,0.46
1981-03-03,0.45
1981-03-04,0.45
1981-03-05,0.45
1981-03-06,0.46
1981-03-09,0.45
1981-03-10,0.45
1981-03-11,0.45
1981-03-12,0.45
1981-03-13,0.45
1981-03-16,0.45
1981-03-17,0.44
1981-03-18,0.44
1981-03-19,0.44
1981-03-20,0.44
1981-03-23,0.44
1981-03-24,0.44
1981-03-25,0.44
1981-03-26,0.45
1981-03-27,0.45
1981-03-30,0.45
1981-03-31,0.45
1981-04-01,0.45
1981-04-02,0.45
1981-04-03,0.46
1981-04-06,0.46
1981-04-07,0.45
1981-04-08,0.46
1981-04-09,0.46
1981-04-10,0.46
1981-04-13,0.46
1981-04-14,0.46
1981-04-15,0.46
1981-04-16,0.46
1981-04-17,0.46
1981-04-20,0.46
1981-04-21,0.46
1981-04-22,0.46
1981-04-23,0.46
1981-04-24,0.46
1981-04-27,0.46
1981-04-28,0.46
1981-04-29,0.47
1981-04-30,0.47
1981-05-01,0.47
1981-05-04,0.47
1981-05-05,0.47
1981-05-06,0.47
1981-05-07,0.48
1981-05-08,0.47
1981-05-11,0.48
1981-05-12,0.48
1981-05-13,0.48
1981-05-14,0.48
1981-05-15,0.48
1981-05-18,0.48
1981-05-19,0.48
1981-05-20,0.48
1981-05-21,0.48
1981-05-22,0.48
1981-05-26,0.48
1981-05-27,0.49
1981-05-28,0.48
1981-05-29,0.48
1981-06-01,0.49
1981-06-02,0.49
1981-06-03,0.5
1981-06-04,0.52
1981-06-05,0.52
1981-06-08,0.52
1981-06-09,0.52
1981-06-10,0.51
1981-06-11,0.51
1981-06-12,0.51
1981-06-15,0.5
1981-06-16,0.5
1981-06-17,0.5
1981-06-18,0.51
1981-06-19,0.51
1981-06-22,0.5
1981-06-23,0.5
1981-06-24,0.51
1981-06-25,0.51
1981-06-26,0.51
1981-06-29,0.51
1981-06-30,0.52
1981-07-01,0.53
1981-07-02,0.53
1981-07-03,0.53
1981-07-06,0.53
1981-07-07,0.53
1981-07-08,0.53
1981-07-09,0.53
1981-07-10,0.53
1981-07-13,0.53
1981-07-14,0.54
1981-07-15,0.53
1981-07-16,0.53
1981-07-17,0.53
1981-07-20,0.54
1981-07-21,0.54
1981-07-22,0.54
1981-07-23,0.54
1981-07-24,0.54
1981-07-27,0.54
1981-07-28,0.54
1981-07-29,0.54
1981-07-30,0.54
1981-07-31,0.54
1981-08-03,0.56
1981-08-04,0.56
1981-08-05,0.55
1981-08-06,0.56
1981-08-07,0.56
1981-08-10,0.56
1981-08-11,0.56
1981-08-12,0.55
1981-08-13,0.55
1981-08-14,0.55
1981-08-17,0.55
1981-08-18,0.55
1981-08-19,0.55
1981-08-20,0.54
1981-08-21,0.53
1981-08-24,0.54
1981-08-25,0.55
1981-08-26,0.54
1981-08-27,0.54
1981-08-28,0.54
1981-08-31,0.54
1981-09-01,0.55
1981-09-02,0.54
1981-09-03,0.54
1981-09-04,0.54
1981-09-08,0.56
1981-09-09,0.56
1981-09-10,0.55
1981-09-11,0.56
1981-09-14,0.56
1981-09-15,0.55
1981-09-16,0.54
1981-09-17,0.55
1981-09-18,0.55
1981-09-21,0.54
1981-09-22,0.55
1981-09-23,0.55
1981-09-24,0.56
1981-09-25,0.56
1981-09-28,0.56
1981-09-29,0.56
1981-09-30,0.55
1981-10-01,0.55
1981-10-02,0.55
1981-10-05,0.54
1981-10-06,0.54
1981-10-07,0.54
1981-10-08,0.53
1981-10-09,0.53
1981-10-13,0.54
1981-10-14,0.54
1981-10-15,0.54
1981-10-16,0.55
1981-10-19,0.54
1981-10-20,0.55
1981-10-21,0.55
1981-10-22,0.55
1981-10-23,0.55
1981-10-26,0.55
1981-10-27,0.55
1981-10-28,0.55
1981-10-29,0.55
1981-10-30,0.54
1981-11-02,0.53
1981-11-04,0.53
1981-11-05,0.53
1981-11-06,0.53
1981-11-09,0.53
1981-11-10,0.54
1981-11-12,0.53
1981-11-13,0.52
1981-11-16,0.52
1981-11-17,0.53
1981-11-18,0.52
1981-11-19,0.52
1981-11-20,0.53
1981-11-23,0.53
1981-11-24,0.52
1981-11-25,0.52
1981-11-27,0.51
1981-11-30,0.51
1981-12-01,0.51
1981-12-02,0.51
1981-12-03,0.52
1981-12-04,0.52
1981-12-07,0.52
1981-12-08,0.52
1981-12-09,0.52
1981-12-10,0.53
1981-12-11,0.53
1981-12-14,0.54
1981-12-15,0.53
1981-12-16,0.53
1981-12-17,0.53
1981-12-18,0.53
1981-12-21,0.53
1981-12-22,0.53
1981-12-23,0.53
1981-12-24,0.53
1981-12-28,0.53
1981-12-29,0.53
1981-12-30,0.52
1981-12-31,0.52
1982-01-04,0.52
1982-01-05,0.52
1982-01-06,0.52
1982-01-07,0.52
1982-01-08,0.52
1982-01-11,0.53
1982-01-12,0.53
1982-01-13,0.54
1982-01-14,0.54
1982-01-15,0.53
1982-01-18,0.53
1982-01-19,0.53
1982-01-20,0.53
1982-01-21,0.53
1982-01-22,0.53
1982-01-25,0.54
1982-01-26,0.53
1982-01-27,0.54
1982-01-28,0.53
1982-01-29,0.53
1982-02-01,0.54
1982-02-02,0.54
1982-02-03,0.54
1982-02-04,0.53
1982-02-05,0.54
1982-02-08,0.54
1982-02-09,0.54
1982-02-10,0.54
1982-02-11,0.54
1982-02-16,0.55
1982-02-17,0.54
1982-02-18,0.54
1982-02-19,0.54
1982-02-22,0.54
1982-02-23,0.55
1982-02-24,0.55
1982-02-25,0.55
1982-02-26,0.55
1982-03-01,0.55
1982-03-02,0.55
1982-03-03,0.55
1982-03-04,0.55
1982-03-05,0.54
1982-03-08,0.55
1982-03-09,0.55
1982-03-10,0.55
1982-03-11,0.55
1982-03-12,0.56
1982-03-15,0.55
1982-03-16,0.55
1982-03-17,0.55
1982-03-18,0.55
1982-03-19,0.56
1982-03-22,0.56
1982-03-23,0.55
1982-03-24,0.55
1982-03-25,0.56
1982-03-26,0.56
1982-03-29,0.56
1982-03-30,0.56
1982-03-31,0.56
1982-04-01,0.56
1982-04-02,0.56
1982-04-05,0.56
1982-04-06,0.57
1982-04-07,0.57
1982-04-08,0.57
1982-04-09,0.57
1982-04-12,0.57
1982-04-13,0.57
1982-04-14,0.57
1982-04-15,0.57
1982-04-16,0.57
1982-04-19,0.56
1982-04-20,0.56
1982-04-21,0.56
1982-04-22,0.56
1982-04-23,0.56
1982-04-26,0.56
1982-04-27,0.56
1982-04-28,0.56
1982-04-29,0.56
1982-04-30,0.56
1982-05-03,0.55
1982-05-04,0.56
1982-05-05,0.55
1982-05-06,0.55
1982-05-07,0.55
1982-05-10,0.54
1982-05-11,0.55
1982-05-12,0.54
1982-05-13,0.55
1982-05-14,0.55
1982-05-17,0.55
1982-05-18,0.55
1982-05-19,0.56
1982-05-20,0.56
1982-05-21,0.56
1982-05-24,0.55
1982-05-25,0.55
1982-05-26,0.56
1982-05-27,0.56
1982-05-28,0.56
1982-06-01,0.56
1982-06-02,0.56
1982-06-03,0.56
1982-06-04,0.56
1982-06-07,0.56
1982-06-08,0.56
1982-06-09,0.56
1982-06-10,0.57
1982-06-11,0.56
1982-06-14,0.57
1982-06-15,0.57
1982-06-16,0.57
1982-06-17,0.57
1982-06-18,0.58
1982-06-21,0.58
1982-06-22,0.58
1982-06-23,0.58
1982-06-24,0.58
1982-06-25,0.58
1982-06-28,0.58
1982-06-29,0.58
1982-06-30,0.58
1982-07-01,0.58
1982-07-02,0.58
1982-07-06,0.58
1982-07-07,0.58
1982-07-08,0.58
1982-07-09,0.58
1982-07-12,0.58
1982-07-13,0.58
1982-07-14,0.58
1982-07-15,0.58
1982-07-16,0.58
1982-07-19,0.58
1982-07-20,0.58
1982-07-21,0.57
1982-07-22,0.57
1982-07-23,0.57
1982-07-26,0.57
1982-07-27,0.57
1982-07-28,0.57
1982-07-29,0.58
1982-07-30,0.58
1982-08-02,0.57
1982-08-03,0.57
1982-08-04,0.58
1982-08-05,0.58
1982-08-06,0.58
1982-08-09,0.59
1982-08-10,0.59
1982-08-11,0.59
1982-08-12,0.59
1982-08-13,0.59
1982-08-16,0.59
1982-08-17,0.59
1982-08-18,0.58
1982-08-19,0.58
1982-08-20,0.57
1982-08-23,0.57
1982-08-24,0.57
1982-08-25,0.57
1982-08-26,0.57
1982-08-27,0.58
1982-08-30,0.59
1982-08-31,0.58
1982-09-01,0.58
1982-09-02,0.58
1982-09-03,0.58
1982-09-07,0.58
1982-09-08,0.58
1982-09-09,0.58
1982-09-10,0.58
1982-09-13,0.59
1982-09-14,0.59
1982-09-15,0.59
1982-09-16,0.59
1982-09-17,0.58
1982-09-20,0.58
1982-09-21,0.58
1982-09-22,0.58
1982-09-23,0.58
1982-09-24,0.59
1982-09-27,0.59
1982-09-28,0.59
1982-09-29,0.59
1982-09-30,0.59
1982-10-01,0.59
1982-10-04,0.59
1982-10-05,0.59
1982-10-06,0.59
1982-10-07,0.59
1982-10-08,0.59
1982-10-12,0.58
1982-10-13,0.59
1982-10-14,0.59
1982-10-15,0.59
1982-10-18,0.59
1982-10-19,0.59
1982-10-20,0.59
1982-10-21,0.59
1982-10-22,0.59
1982-10-25,0.6
1982-10-26,0.59
1982-10-27,0.59
1982-10-28,0.6
1982-10-29,0.6
1982-11-01,0.59
1982-11-03,0.6
1982-11-04,0.6
1982-11-05,0.6
1982-11-08,0.61
1982-11-09,0.6
1982-11-10,0.6
1982-11-12,0.61
1982-11-15,0.61
1982-11-16,0.62
1982-11-17,0.62
1982-11-18,0.62
1982-11-19,0.62
1982-11-22,0.63
1982-11-23,0.63
1982-11-24,0.63
1982-11-26,0.63
1982-11-29,0.62
1982-11-30,0.61
1982-12-01,0.61
1982-12-02,0.61
1982-12-03,0.61
1982-12-06,0.62
1982-12-07,0.61
1982-12-08,0.61
1982-12-09,0.62
1982-12-10,0.62
1982-12-13,0.62
1982-12-14,0.62
1982-12-15,0.62
1982-12-16,0.62
1982-12-17,0.63
1982-12-20,0.62
1982-12-21,0.62
1982-12-22,0.62
1982-12-23,0.63
1982-12-24,0.63
1982-12-27,0.62
1982-12-28,0.62
1982-12-29,0.61
1982-12-30,0.62
1982-12-31,0.62
1983-01-03,0.62
1983-01-04,0.62
1983-01-05,0.62
1983-01-06,0.62
1983-01-07,0.62
1983-01-10,0.63
1983-01-11,0.63
1983-01-12,0.63
1983-01-13,0.63
1983-01-14,0.63
1983-01-17,0.63
1983-01-18,0.63
1983-01-19,0.64
1983-01-20,0.64
1983-01-21,0.64
1983-01-24,0.65
1983-01-25,0.65
1983-01-26,0.65
1983-01-27,0.65
1983-01-28,0.65
1983-01-31,0.66
1983-02-01,0.66
1983-02-02,0.66
1983-02-03,0.66
1983-02-04,0.66
1983-02-07,0.65
1983-02-08,0.65
1983-02-09,0.65
1983-02-10,0.65
1983-02-11,0.65
1983-02-14,0.65
1983-02-15,0.65
1983-02-16,0.64
1983-02-17,0.65
1983-02-18,0.65
1983-02-22,0.66
1983-02-23,0.65
1983-02-24,0.65
1983-02-25,0.65
1983-02-28,0.66
1983-03-01,0.66
1983-03-02,0.66
1983-03-03,0.66
1983-03-04,0.66
1983-03-07,0.66
1983-03-08,0.67
1983-03-09,0.67
1983-03-10,0.66
1983-03-11,0.67
1983-03-14,0.66
1983-03-15,0.66
1983-03-16,0.66
1983-03-17,0.67
1983-03-18,0.67
1983-03-21,0.68
1983-03-22,0.68
1983-03-23,0.69
1983-03-24,0.68
1983-03-25,0.68
1983-03-28,0.69
1983-03-29,0.69
1983-03-30,0.68
1983-03-31,0.67
1983-04-01,0.68
1983-04-04,0.67
1983-04-05,0.66
1983-04-06,0.66
1983-04-07,0.67
1983-04-08,0.66
1983-04-11,0.66
1983-04-12,0.65
1983-04-13,0.65
1983-04-14,0.65
1983-04-15,0.65
1983-04-18,0.64
1983-04-19,0.65
1983-04-20,0.65
1983-04-21,0.65
1983-04-22,0.65
1983-04-25,0.64
1983-04-26,0.64
1983-04-27,0.64
1983-04-28,0.64
1983-04-29,0.64
1983-05-02,0.64
1983-05-03,0.63
1983-05-04,0.63
1983-05-05,0.63
1983-05-06,0.63
1983-05-09,0.64
1983-05-10,0.64
1983-05-11,0.64
1983-05-12,0.64
1983-05-13,0.64
1983-05-16,0.64
1983-05-17,0.64
1983-05-18,0.64
1983-05-19,0.64
1983-05-20,0.64
1983-05-23,0.64
1983-05-24,0.64
1983-05-25,0.63
1983-05-26,0.62
1983-05-27,0.62
1983-05-31,0.62
1983-06-01,0.63
1983-06-02,0.63
1983-06-03,0.64
1983-06-06,0.63
1983-06-07,0.64
1983-06-08,0.64
1983-06-09,0.63
1983-06-10,0.64
1983-06-13,0.64
1983-06-14,0.66
1983-06-15,0.66
1983-06-16,0.65
1983-06-17,0.66
1983-06-20,0.65
1983-06-21,0.66
1983-06-22,0.65
1983-06-23,0.65
1983-06-24,0.65
1983-06-27,0.65
1983-06-28,0.65
1983-06-29,0.65
1983-06-30,0.65
1983-07-01,0.65
1983-07-05,0.65
1983-07-06,0.65
1983-07-07,0.65
1983-07-08,0.65
1983-07-11,0.65
1983-07-12,0.65
1983-07-13,0.65
1983-07-14,0.65
1983-07-15,0.66
1983-07-18,0.66
1983-07-19,0.66
1983-07-20,0.66
1983-07-21,0.66
1983-07-22,0.66
1983-07-25,0.66
1983-07-26,0.66
1983-07-27,0.65
1983-07-28,0.66
1983-07-29,0.66
1983-08-01,0.66
1983-08-02,0.66
1983-08-03,0.66
1983-08-04,0.67
1983-08-05,0.67
1983-08-08,0.67
1983-08-09,0.67
1983-08-10,0.68
1983-08-11,0.68
1983-08-12,0.67
1983-08-15,0.67
1983-08-16,0.66
1983-08-17,0.66
1983-08-18,0.66
1983-08-19,0.66
1983-08-22,0.65
1983-08-23,0.65
1983-08-24,0.66
1983-08-25,0.66
1983-08-26,0.66
1983-08-29,0.67
1983-08-30,0.67
1983-08-31,0.67
1983-09-01,0.67
1983-09-02,0.67
1983-09-06,0.67
1983-09-07,0.67
1983-09-08,0.67
1983-09-09,0.67
1983-09-12,0.67
1983-09-13,0.67
1983-09-14,0.67
1983-09-15,0.67
1983-09-16,0.67
1983-09-19,0.66
1983-09-20,0.66
1983-09-21,0.66
1983-09-22,0.67
1983-09-23,0.67
1983-09-26,0.67
1983-09-27,0.67
1983-09-28,0.67
1983-09-29,0.67
1983-09-30,0.67
1983-10-03,0.67
1983-10-04,0.68
1983-10-05,0.67
1983-10-06,0.67
1983-10-07,0.66
1983-10-11,0.66
1983-10-12,0.66
1983-10-13,0.67
1983-10-14,0.67
1983-10-17,0.67
1983-10-18,0.67
1983-10-19,0.67
1983-10-20,0.67
1983-10-21,0.67
1983-10-24,0.67
1983-10-25,0.67
1983-10-26,0.67
1983-10-27,0.67
1983-10-28,0.67
1983-10-31,0.67
1983-11-01,0.67
1983-11-02,0.67
1983-11-03,0.67
1983-11-04,0.67
1983-11-07,0.67
1983-11-09,0.67
1983-11-10,0.67
1983-11-14,0.67
1983-11-15,0.67
1983-11-16,0.67
1983-11-17,0.68
1983-11-18,0.68
1983-11-21,0.68
1983-11-22,0.68
1983-11-23,0.68
1983-11-25,0.69
1983-11-28,0.69
1983-11-29,0.68
1983-11-30,0.68
1983-12-01,0.69
1983-12-02,0.69
1983-12-05,0.69
1983-12-06,0.69
1983-12-07,0.69
1983-12-08,0.69
1983-12-09,0.7
1983-12-12,0.7
1983-12-13,0.71
1983-12-14,0.71
1983-12-15,0.7
1983-12-16,0.71
1983-12-19,0.71
1983-12-20,0.7
1983-12-21,0.7
1983-12-22,0.7
1983-12-23,0.7
1983-12-27,0.7
1983-12-28,0.7
1983-12-29,0.69
1983-12-30,0.69
1984-01-03,0.7
1984-01-04,0.71
1984-01-05,0.71
1984-01-06,0.71
1984-01-09,0.71
1984-01-10,0.71
1984-01-11,0.72
1984-01-12,0.72
1984-01-13,0.71
1984-01-16,0.7
1984-01-17,0.71
1984-01-18,0.71
1984-01-19,0.71
1984-01-20,0.71
1984-01-23,0.71
1984-01-24,0.71
1984-01-25,0.71
1984-01-26,0.71
1984-01-27,0.71
1984-01-30,0.71
1984-01-31,0.71
1984-02-01,0.71
1984-02-02,0.7
1984-02-03,0.7
1984-02-06,0.7
1984-02-07,0.71
1984-02-08,0.71
1984-02-09,0.7
1984-02-10,0.71
1984-02-14,0.7
1984-02-15,0.69
1984-02-16,0.69
1984-02-17,0.69
1984-02-21,0.69
1984-02-22,0.69
1984-02-23,0.69
1984-02-24,0.68
1984-02-27,0.68
1984-02-28,0.67
1984-02-29,0.67
1984-03-01,0.68
1984-03-02,0.68
1984-03-05,0.67
1984-03-06,0.67
1984-03-07,0.68
1984-03-08,0.69
1984-03-09,0.68
1984-03-12,0.69
1984-03-13,0.68
1984-03-14,0.68
1984-03-15,0.68
1984-03-16,0.69
1984-03-19,0.69
1984-03-20,0.69
1984-03-21,0.7
1984-03-22,0.7
1984-03-23,0.7
1984-03-26,0.69
1984-03-27,0.69
1984-03-28,0.69
1984-03-29,0.69
1984-03-30,0.7
1984-04-02,0.7
1984-04-03,0.7
1984-04-04,0.7
1984-04-05,0.7
1984-04-06,0.7
1984-04-09,0.7
1984-04-10,0.7
1984-04-11,0.7
1984-04-12,0.7
1984-04-13,0.7
1984-04-16,0.7
1984-04-17,0.7
1984-04-18,0.7
1984-04-19,0.71
1984-04-20,0.71
1984-04-23,0.71
1984-04-24,0.71
1984-04-25,0.71
1984-04-26,0.71
1984-04-27,0.71
1984-04-30,0.72
1984-05-01,0.72
1984-05-02,0.71
1984-05-03,0.71
1984-05-04,0.71
1984-05-07,0.72
1984-05-08,0.72
1984-05-09,0.72
1984-05-10,0.72
1984-05-11,0.72
1984-05-14,0.72
1984-05-15,0.72
1984-05-16,0.72
1984-05-17,0.72
1984-05-18,0.72
1984-05-21,0.72
1984-05-22,0.72
1984-05-23,0.73
1984-05-24,0.72
1984-05-25,0.72
1984-05-29,0.72
1984-05-30,0.72
1984-05-31,0.72
1984-06-01,0.71
1984-06-04,0.71
1984-06-05,0.72
1984-06-06,0.71
1984-06-07,0.72
1984-06-08,0.72
1984-06-11,0.72
1984-06-12,0.72
1984-06-13,0.72
1984-06-14,0.72
1984-06-15,0.73
1984-06-18,0.73
1984-06-19,0.73
1984-06-20,0.73
1984-06-21,0.73
1984-06-22,0.73
1984-06-25,0.74
1984-06-26,0.74
1984-06-27,0.74
1984-06-28,0.74
1984-06-29,0.74
1984-07-02,0.74
1984-07-03,0.75
1984-07-05,0.76
1984-07-06,0.76
1984-07-09,0.77
1984-07-10,0.76
1984-07-11,0.76
1984-07-12,0.77
1984-07-13,0.76
1984-07-16,0.75
1984-07-17,0.76
1984-07-18,0.76
1984-07-19,0.75
1984-07-20,0.76
1984-07-23,0.76
1984-07-24,0.76
1984-07-25,0.75
1984-07-26,0.75
1984-07-27,0.76
1984-07-30,0.76
1984-07-31,0.76
1984-08-01,0.77
1984-08-02,0.76
1984-08-03,0.75
1984-08-06,0.76
1984-08-07,0.77
1984-08-08,0.76
1984-08-09,0.76
1984-08-10,0.76
1984-08-13,0.77
1984-08-14,0.76
1984-08-15,0.76
1984-08-16,0.75
1984-08-17,0.76
1984-08-20,0.76
1984-08-21,0.76
1984-08-22,0.76
1984-08-23,0.76
1984-08-24,0.77
1984-08-27,0.76
1984-08-28,0.76
1984-08-29,0.76
1984-08-30,0.76
1984-08-31,0.76
1984-09-04,0.77
1984-09-05,0.78
1984-09-06,0.78
1984-09-07,0.79
1984-09-10,0.78
1984-09-11,0.78
1984-09-12,0.78
1984-09-13,0.79
1984-09-14,0.79
1984-09-17,0.81
1984-09-18,0.81
1984-09-19,0.81
1984-09-20,0.82
1984-09-21,0.8
1984-09-24,0.8
1984-09-25,0.81
1984-09-26,0.81
1984-09-27,0.8
1984-09-28,0.81
1984-10-01,0.81
1984-10-02,0.81
1984-10-03,0.8
1984-10-04,0.8
1984-10-05,0.81
1984-10-09,0.81
1984-10-10,0.81
1984-10-11,0.82
1984-10-12,0.82
1984-10-15,0.83
1984-10-16,0.83
1984-10-17,0.83
1984-10-18,0.84
1984-10-19,0.84
1984-10-22,0.83
1984-10-23,0.83
1984-10-24,0.82
1984-10-25,0.81
1984-10-26,0.82
1984-10-29,0.83
1984-10-30,0.82
1984-10-31,0.82
1984-11-01,0.81
1984-11-02,0.8
1984-11-05,0.79
1984-11-07,0.79
1984-11-08,0.79
1984-11-09,0.79
1984-11-13,0.79
1984-11-14,0.79
1984-11-15,0.79
1984-11-16,0.8
1984-11-19,0.8
1984-11-20,0.81
1984-11-21,0.81
1984-11-23,0.82
1984-11-26,0.83
1984-11-27,0.83
1984-11-28,0.83
1984-11-29,0.83
1984-11-30,0.84
1984-12-03,0.84
1984-12-04,0.83
1984-12-05,0.83
1984-12-06,0.83
1984-12-07,0.83
1984-12-10,0.83
1984-12-11,0.83
1984-12-12,0.83
1984-12-13,0.84
1984-12-14,0.84
1984-12-17,0.84
1984-12-18,0.84
1984-12-19,0.85
1984-12-20,0.86
1984-12-21,0.85
1984-12-24,0.85
1984-12-26,0.85
1984-12-27,0.86
1984-12-28,0.86
1984-12-31,0.86
1985-01-02,0.87
1985-01-03,0.87
1985-01-04,0.87
1985-01-07,0.88
1985-01-08,0.87
1985-01-09,0.88
1985-01-10,0.88
1985-01-11,0.89
1985-01-14,0.9
1985-01-15,0.89
1985-01-16,0.9
1985-01-17,0.89
1985-01-18,0.89
1985-01-22,0.89
1985-01-23,0.9
1985-01-24,0.89
1985-01-25,0.9
1985-01-28,0.9
1985-01-29,0.9
1985-01-30,0.89
1985-01-31,0.88
1985-02-01,0.89
1985-02-04,0.9
1985-02-05,0.9
1985-02-06,0.9
1985-02-07,0.9
1985-02-08,0.9
1985-02-11,0.91
1985-02-13,0.92
1985-02-14,0.92
1985-02-15,0.91
1985-02-19,0.91
1985-02-20,0.92
1985-02-21,0.92
1985-02-22,0.93
1985-02-25,0.95
1985-02-26,0.95
1985-02-27,0.92
1985-02-28,0.93
1985-03-01,0.93
1985-03-04,0.94
1985-03-05,0.95
1985-03-06,0.93
1985-03-07,0.94
1985-03-08,0.94
1985-03-11,0.92
1985-03-12,0.92
1985-03-13,0.92
1985-03-14,0.93
1985-03-15,0.92
1985-03-18,0.9
1985-03-19,0.88
1985-03-20,0.87
1985-03-21,0.84
1985-03-22,0.85
1985-03-25,0.85
1985-03-26,0.85
1985-03-27,0.81
1985-03-28,0.81
1985-03-29,0.81
1985-04-01,0.82
1985-04-02,0.83
1985-04-03,0.82
1985-04-04,0.84
1985-04-05,0.83
1985-04-08,0.83
1985-04-09,0.83
1985-04-10,0.82
1985-04-11,0.8
1985-04-12,0.8
1985-04-15,0.78
1985-04-16,0.78
1985-04-17,0.79
1985-04-18,0.77
1985-04-19,0.77
1985-04-22,0.78
1985-04-23,0.8
1985-04-24,0.81
1985-04-25,0.83
1985-04-26,0.82
1985-04-29,0.81
1985-04-30,0.81
1985-05-01,0.82
1985-05-02,0.82
1985-05-03,0.83
1985-05-06,0.84
1985-05-07,0.82
1985-05-08,0.83
1985-05-09,0.81
1985-05-10,0.81
1985-05-13,0.8
1985-05-14,0.79
1985-05-15,0.79
1985-05-16,0.79
1985-05-17,0.79
1985-05-20,0.78
1985-05-21,0.79
1985-05-22,0.79
1985-05-23,0.79
1985-05-24,0.79
1985-05-28,0.8
1985-05-29,0.79
1985-05-30,0.79
1985-05-31,0.78
1985-06-03,0.77
1985-06-04,0.78
1985-06-05,0.8
1985-06-06,0.79
1985-06-07,0.79
1985-06-10,0.8
1985-06-11,0.79
1985-06-12,0.79
1985-06-13,0.79
1985-06-14,0.78
1985-06-17,0.78
1985-06-18,0.77
1985-06-19,0.77
1985-06-20,0.78
1985-06-21,0.78
1985-06-24,0.78
1985-06-25,0.78
1985-06-26,0.77
1985-06-27,0.77
1985-06-28,0.76
1985-07-01,0.77
1985-07-02,0.77
1985-07-03,0.76
1985-07-05,0.75
1985-07-08,0.74
1985-07-09,0.73
1985-07-10,0.72
1985-07-11,0.72
1985-07-12,0.72
1985-07-15,0.72
1985-07-16,0.72
1985-07-17,0.71
1985-07-18,0.71
1985-07-19,0.71
1985-07-22,0.72
1985-07-23,0.71
1985-07-24,0.72
1985-07-25,0.71
1985-07-26,0.71
1985-07-29,0.7
1985-07-30,0.7
1985-07-31,0.71
1985-08-01,0.72
1985-08-02,0.73
1985-08-05,0.73
1985-08-06,0.74
1985-08-07,0.75
1985-08-08,0.74
1985-08-09,0.74
1985-08-12,0.72
1985-08-13,0.72
1985-08-14,0.72
1985-08-15,0.72
1985-08-16,0.71
1985-08-19,0.71
1985-08-20,0.72
1985-08-21,0.72
1985-08-22,0.71
1985-08-23,0.71
1985-08-26,0.71
1985-08-27,0.72
1985-08-28,0.71
1985-08-29,0.71
1985-08-30,0.72
1985-09-03,0.73
1985-09-04,0.73
1985-09-05,0.73
1985-09-06,0.75
1985-09-09,0.77
1985-09-10,0.76
1985-09-11,0.76
1985-09-12,0.76
1985-09-13,0.75
1985-09-16,0.75
1985-09-17,0.75
1985-09-18,0.75
1985-09-19,0.75
1985-09-20,0.73
1985-09-23,0.7
1985-09-24,0.7
1985-09-25,0.7
1985-09-26,0.7
1985-09-27,0.71
1985-09-30,0.71
1985-10-01,0.71
1985-10-02,0.71
1985-10-03,0.7
1985-10-04,0.71
1985-10-07,0.71
1985-10-08,0.71
1985-10-09,0.71
1985-10-10,0.71
1985-10-11,0.71
1985-10-15,0.71
1985-10-16,0.71
1985-10-17,0.71
1985-10-18,0.7
1985-10-21,0.7
1985-10-22,0.7
1985-10-23,0.7
1985-10-24,0.7
1985-10-25,0.7
1985-10-28,0.7
1985-10-29,0.7
1985-10-30,0.69
1985-10-31,0.69
1985-11-01,0.69
1985-11-04,0.69
1985-11-05,0.7
1985-11-06,0.7
1985-11-07,0.71
1985-11-08,0.71
1985-11-12,0.71
1985-11-13,0.7
1985-11-14,0.7
1985-11-15,0.7
1985-11-18,0.7
1985-11-19,0.7
1985-11-20,0.7
1985-11-21,0.69
1985-11-22,0.69
1985-11-25,0.68
1985-11-26,0.68
1985-11-27,0.68
1985-11-29,0.67
1985-12-02,0.67
1985-12-03,0.68
1985-12-04,0.67
1985-12-05,0.68
1985-12-06,0.68
1985-12-09,0.69
1985-12-10,0.7
1985-12-11,0.71
1985-12-12,0.69
1985-12-13,0.7
1985-12-16,0.7
1985-12-17,0.7
1985-12-18,0.7
1985-12-19,0.7
1985-12-20,0.7
1985-12-23,0.7
1985-12-24,0.7
1985-12-26,0.7
1985-12-27,0.7
1985-12-30,0.69
1985-12-31,0.69
1986-01-02,0.69
1986-01-03,0.7
1986-01-06,0.7
1986-01-07,0.69
1986-01-08,0.69
1986-01-09,0.69
1986-01-10,0.69
1986-01-13,0.69
1986-01-14,0.69
1986-01-15,0.69
1986-01-16,0.7
1986-01-17,0.7
1986-01-21,0.71
1986-01-22,0.72
1986-01-23,0.72
1986-01-24,0.72
1986-01-27,0.72
1986-01-28,0.71
1986-01-29,0.71
1986-01-30,0.71
1986-01-31,0.71
1986-02-03,0.72
1986-02-04,0.73
1986-02-05,0.72
1986-02-06,0.72
1986-02-07,0.71
1986-02-10,0.71
1986-02-11,0.71
1986-02-12,0.71
1986-02-13,0.71
1986-02-14,0.71
1986-02-18,0.7
1986-02-19,0.69
1986-02-20,0.69
1986-02-21,0.69
1986-02-24,0.68
1986-02-25,0.67
1986-02-26,0.67
1986-02-27,0.67
1986-02-28,0.69
1986-03-03,0.69
1986-03-04,0.68
1986-03-05,0.69
1986-03-06,0.69
1986-03-07,0.69
1986-03-10,0.69
1986-03-11,0.69
1986-03-12,0.68
1986-03-13,0.69
1986-03-14,0.68
1986-03-17,0.68
1986-03-18,0.68
1986-03-19,0.68
1986-03-20,0.67
1986-03-21,0.67
1986-03-24,0.67
1986-03-25,0.68
1986-03-26,0.68
1986-03-27,0.67
1986-03-28,0.68
1986-03-31,0.68
1986-04-01,0.68
1986-04-02,0.68
1986-04-03,0.69
1986-04-04,0.69
1986-04-07,0.69
1986-04-08,0.68
1986-04-09,0.68
1986-04-10,0.68
1986-04-11,0.68
1986-04-14,0.67
1986-04-15,0.68
1986-04-16,0.66
1986-04-17,0.65
1986-04-18,0.66
1986-04-21,0.66
1986-04-22,0.66
1986-04-23,0.66
1986-04-24,0.65
1986-04-25,0.65
1986-04-28,0.64
1986-04-29,0.64
1986-04-30,0.64
1986-05-01,0.65
1986-05-02,0.66
1986-05-05,0.65
1986-05-06,0.65
1986-05-07,0.65
1986-05-08,0.65
1986-05-09,0.65
1986-05-12,0.65
1986-05-13,0.65
1986-05-14,0.65
1986-05-15,0.65
1986-05-16,0.66
1986-05-19,0.66
1986-05-20,0.66
1986-05-21,0.66
1986-05-22,0.67
1986-05-23,0.67
1986-05-27,0.66
1986-05-28,0.67
1986-05-29,0.67
1986-05-30,0.68
1986-06-02,0.68
1986-06-03,0.67
1986-06-04,0.67
1986-06-05,0.67
1986-06-06,0.66
1986-06-09,0.67
1986-06-10,0.66
1986-06-11,0.65
1986-06-12,0.66
1986-06-13,0.66
1986-06-16,0.66
1986-06-17,0.67
1986-06-18,0.67
1986-06-19,0.67
1986-06-20,0.67
1986-06-23,0.67
1986-06-24,0.66
1986-06-25,0.66
1986-06-26,0.66
1986-06-27,0.65
1986-06-30,0.65
1986-07-01,0.65
1986-07-02,0.65
1986-07-03,0.65
1986-07-07,0.65
1986-07-08,0.65
1986-07-09,0.66
1986-07-10,0.66
1986-07-11,0.66
1986-07-14,0.68
1986-07-15,0.67
1986-07-16,0.66
1986-07-17,0.66
1986-07-18,0.66
1986-07-21,0.67
1986-07-22,0.67
1986-07-23,0.67
1986-07-24,0.67
1986-07-25,0.67
1986-07-28,0.68
1986-07-29,0.67
1986-07-30,0.67
1986-07-31,0.67
1986-08-01,0.67
1986-08-04,0.68
1986-08-05,0.67
1986-08-06,0.68
1986-08-07,0.68
1986-08-08,0.68
1986-08-11,0.67
1986-08-12,0.67
1986-08-13,0.67
1986-08-14,0.67
1986-08-15,0.67
1986-08-18,0.67
1986-08-19,0.67
1986-08-20,0.66
1986-08-21,0.67
1986-08-22,0.67
1986-08-25,0.68
1986-08-26,0.67
1986-08-27,0.67
1986-08-28,0.68
1986-08-29,0.67
1986-09-02,0.67
1986-09-03,0.67
1986-09-04,0.66
1986-09-05,0.67
1986-09-08,0.67
1986-09-09,0.67
1986-09-10,0.67
1986-09-11,0.68
1986-09-12,0.68
1986-09-15,0.68
1986-09-16,0.68
1986-09-17,0.68
1986-09-18,0.68
1986-09-19,0.68
1986-09-22,0.69
1986-09-23,0.69
1986-09-24,0.69
1986-09-25,0.7
1986-09-26,0.7
1986-09-29,0.7
1986-09-30,0.69
1986-10-01,0.69
1986-10-02,0.7
1986-10-03,0.69
1986-10-06,0.7
1986-10-07,0.7
1986-10-08,0.7
1986-10-09,0.7
1986-10-10,0.7
1986-10-14,0.7
1986-10-15,0.69
1986-10-16,0.7
1986-10-17,0.7
1986-10-20,0.7
1986-10-21,0.7
1986-10-22,0.7
1986-10-23,0.7
1986-10-24,0.71
1986-10-27,0.71
1986-10-28,0.71
1986-10-29,0.71
1986-10-30,0.72
1986-10-31,0.71
1986-11-03,0.71
1986-11-04,0.71
1986-11-05,0.7
1986-11-06,0.7
1986-11-07,0.7
1986-11-10,0.7
1986-11-12,0.7
1986-11-13,0.7
1986-11-14,0.7
1986-11-17,0.7
1986-11-18,0.7
1986-11-19,0.71
1986-11-20,0.71
1986-11-21,0.7
1986-11-24,0.71
1986-11-25,0.7
1986-11-26,0.7
1986-11-28,0.7
1986-12-01,0.7
1986-12-02,0.7
1986-12-03,0.7
1986-12-04,0.7
1986-12-05,0.7
1986-12-08,0.7
1986-12-09,0.7
1986-12-10,0.7
1986-12-11,0.7
1986-12-12,0.7
1986-12-15,0.7
1986-12-16,0.7
1986-12-17,0.7
1986-12-18,0.7
1986-12-19,0.7
1986-12-22,0.69
1986-12-23,0.69
1986-12-24,0.69
1986-12-26,0.69
1986-12-29,0.68
1986-12-30,0.68
1986-12-31,0.67
1987-01-02,0.67
1987-01-05,0.68
1987-01-06,0.68
1987-01-07,0.68
1987-01-08,0.68
1987-01-09,0.68
1987-01-12,0.67
1987-01-13,0.67
1987-01-14,0.66
1987-01-15,0.66
1987-01-16,0.66
1987-01-20,0.66
1987-01-21,0.66
1987-01-22,0.65
1987-01-23,0.66
1987-01-26,0.65
1987-01-27,0.65
1987-01-28,0.65
1987-01-29,0.65
1987-01-30,0.66
1987-02-02,0.66
1987-02-03,0.65
1987-02-04,0.66
1987-02-05,0.66
1987-02-06,0.66
1987-02-09,0.66
1987-02-10,0.65
1987-02-11,0.66
1987-02-12,0.66
1987-02-13,0.66
1987-02-17,0.65
1987-02-18,0.65
1987-02-19,0.66
1987-02-20,0.65
1987-02-23,0.65
1987-02-24,0.65
1987-02-25,0.65
1987-02-26,0.65
1987-02-27,0.65
1987-03-02,0.64
1987-03-03,0.64
1987-03-04,0.64
1987-03-05,0.63
1987-03-06,0.63
1987-03-09,0.63
1987-03-10,0.63
1987-03-11,0.63
1987-03-12,0.63
1987-03-13,0.63
1987-03-16,0.63
1987-03-17,0.63
1987-03-18,0.62
1987-03-19,0.62
1987-03-20,0.62
1987-03-23,0.62
1987-03-24,0.62
1987-03-25,0.62
1987-03-26,0.62
1987-03-27,0.62
1987-03-30,0.62
1987-03-31,0.62
1987-04-01,0.62
1987-04-02,0.62
1987-04-03,0.62
1987-04-06,0.62
1987-04-07,0.62
1987-04-08,0.62
1987-04-09,0.62
1987-04-10,0.62
1987-04-13,0.62
1987-04-14,0.61
1987-04-15,0.61
1987-04-16,0.61
1987-04-17,0.61
1987-04-20,0.61
1987-04-21,0.61
1987-04-22,0.61
1987-04-23,0.61
1987-04-24,0.6
1987-04-27,0.6
1987-04-28,0.6
1987-04-29,0.6
1987-04-30,0.6
1987-05-01,0.6
1987-05-04,0.6
1987-05-05,0.59
1987-05-06,0.59
1987-05-07,0.6
1987-05-08,0.6
1987-05-11,0.6
1987-05-12,0.6
1987-05-13,0.6
1987-05-14,0.6
1987-05-15,0.6
1987-05-18,0.59
1987-05-19,0.59
1987-05-20,0.59
1987-05-21,0.6
1987-05-22,0.6
1987-05-26,0.61
1987-05-27,0.62
1987-05-28,0.62
1987-05-29,0.61
1987-06-01,0.62
1987-06-02,0.61
1987-06-03,0.61
1987-06-04,0.62
1987-06-05,0.61
1987-06-08,0.61
1987-06-09,0.6
1987-06-10,0.6
1987-06-11,0.6
1987-06-12,0.61
1987-06-15,0.61
1987-06-16,0.61
1987-06-17,0.61
1987-06-18,0.61
1987-06-19,0.62
1987-06-22,0.63
1987-06-23,0.63
1987-06-24,0.62
1987-06-25,0.62
1987-06-26,0.62
1987-06-29,0.62
1987-06-30,0.62
1987-07-01,0.62
1987-07-02,0.62
1987-07-03,0.62
1987-07-06,0.62
1987-07-07,0.62
1987-07-08,0.62
1987-07-09,0.62
1987-07-10,0.62
1987-07-13,0.62
1987-07-14,0.62
1987-07-15,0.61
1987-07-16,0.61
1987-07-17,0.62
1987-07-20,0.62
1987-07-21,0.63
1987-07-22,0.63
1987-07-23,0.62
1987-07-24,0.62
1987-07-27,0.63
1987-07-28,0.63
1987-07-29,0.63
1987-07-30,0.63
1987-07-31,0.63
1987-08-03,0.63
1987-08-04,0.64
1987-08-05,0.63
1987-08-06,0.63
1987-08-07,0.64
1987-08-10,0.64
1987-08-11,0.64
1987-08-12,0.63
1987-08-13,0.63
1987-08-14,0.63
1987-08-17,0.63
1987-08-18,0.62
1987-08-19,0.62
1987-08-20,0.62
1987-08-21,0.61
1987-08-24,0.61
1987-08-25,0.62
1987-08-26,0.62
1987-08-27,0.61
1987-08-28,0.61
1987-08-31,0.61
1987-09-01,0.61
1987-09-02,0.61
1987-09-03,0.6
1987-09-04,0.6
1987-09-08,0.6
1987-09-09,0.61
1987-09-10,0.61
1987-09-11,0.61
1987-09-14,0.61
1987-09-15,0.61
1987-09-16,0.61
1987-09-17,0.61
1987-09-18,0.6
1987-09-21,0.61
1987-09-22,0.61
1987-09-23,0.61
1987-09-24,0.61
1987-09-25,0.61
1987-09-28,0.61
1987-09-29,0.61
1987-09-30,0.62
1987-10-01,0.62
1987-10-02,0.62
1987-10-05,0.62
1987-10-06,0.61
1987-10-07,0.61
1987-10-08,0.61
1987-10-09,0.61
1987-10-13,0.61
1987-10-14,0.6
1987-10-15,0.6
1987-10-16,0.6
1987-10-19,0.6
1987-10-20,0.6
1987-10-21,0.61
1987-10-22,0.61
1987-10-23,0.6
1987-10-26,0.59
1987-10-27,0.59
1987-10-28,0.58
1987-10-29,0.58
1987-10-30,0.58
1987-11-02,0.58
1987-11-03,0.57
1987-11-04,0.57
1987-11-05,0.56
1987-11-06,0.56
1987-11-09,0.56
1987-11-10,0.56
1987-11-12,0.57
1987-11-13,0.57
1987-11-16,0.57
1987-11-17,0.57
1987-11-18,0.56
1987-11-19,0.56
1987-11-20,0.56
1987-11-23,0.56
1987-11-24,0.56
1987-11-25,0.56
1987-11-27,0.55
1987-11-30,0.55
1987-12-01,0.55
1987-12-02,0.55
1987-12-03,0.55
1987-12-04,0.56
1987-12-07,0.56
1987-12-08,0.56
1987-12-09,0.55
1987-12-10,0.55
1987-12-11,0.54
1987-12-14,0.54
1987-12-15,0.55
1987-12-16,0.55
1987-12-17,0.54
1987-12-18,0.55
1987-12-21,0.55
1987-12-22,0.55
1987-12-23,0.55
1987-12-24,0.55
1987-12-28,0.54
1987-12-29,0.54
1987-12-30,0.54
1987-12-31,0.53
1988-01-04,0.53
1988-01-05,0.55
1988-01-06,0.55
1988-01-07,0.55
1988-01-08,0.55
1988-01-11,0.55
1988-01-12,0.55
1988-01-13,0.55
1988-01-14,0.55
1988-01-15,0.56
1988-01-19,0.56
1988-01-20,0.56
1988-01-21,0.56
1988-01-22,0.56
1988-01-25,0.56
1988-01-26,0.56
1988-01-27,0.56
1988-01-28,0.56
1988-01-29,0.57
1988-02-01,0.57
1988-02-02,0.56
1988-02-03,0.57
1988-02-04,0.57
1988-02-05,0.57
1988-02-08,0.57
1988-02-09,0.57
1988-02-10,0.57
1988-02-11,0.57
1988-02-12,0.57
1988-02-16,0.57
1988-02-17,0.57
1988-02-18,0.57
1988-02-19,0.57
1988-02-22,0.57
1988-02-23,0.57
1988-02-24,0.57
1988-02-25,0.57
1988-02-26,0.56
1988-02-29,0.56
1988-03-01,0.56
1988-03-02,0.56
1988-03-03,0.57
1988-03-04,0.56
1988-03-07,0.55
1988-03-08,0.54
1988-03-09,0.54
1988-03-10,0.54
1988-03-11,0.54
1988-03-14,0.54
1988-03-15,0.54
1988-03-16,0.54
1988-03-17,0.55
1988-03-18,0.55
1988-03-21,0.55
1988-03-22,0.55
1988-03-23,0.54
1988-03-24,0.54
1988-03-25,0.54
1988-03-28,0.54
1988-03-29,0.54
1988-03-30,0.53
1988-03-31,0.53
1988-04-01,0.53
1988-04-04,0.53
1988-04-05,0.53
1988-04-06,0.53
1988-04-07,0.53
1988-04-08,0.53
1988-04-11,0.54
1988-04-12,0.54
1988-04-13,0.54
1988-04-14,0.53
1988-04-15,0.53
1988-04-18,0.52
1988-04-19,0.53
1988-04-20,0.53
1988-04-21,0.53
1988-04-22,0.53
1988-04-25,0.53
1988-04-26,0.53
1988-04-27,0.53
1988-04-28,0.53
1988-04-29,0.53
1988-05-02,0.53
1988-05-03,0.53
1988-05-04,0.54
1988-05-05,0.54
1988-05-06,0.54
1988-05-09,0.53
1988-05-10,0.53
1988-05-11,0.53
1988-05-12,0.53
1988-05-13,0.53
1988-05-16,0.53
1988-05-17,0.54
1988-05-18,0.54
1988-05-19,0.54
1988-05-20,0.54
1988-05-23,0.54
1988-05-24,0.54
1988-05-25,0.54
1988-05-26,0.54
1988-05-27,0.54
1988-05-31,0.54
1988-06-01,0.55
1988-06-02,0.56
1988-06-03,0.56
1988-06-06,0.56
1988-06-07,0.55
1988-06-08,0.55
1988-06-09,0.55
1988-06-10,0.55
1988-06-13,0.55
1988-06-14,0.56
1988-06-15,0.56
1988-06-16,0.56
1988-06-17,0.56
1988-06-20,0.56
1988-06-21,0.56
1988-06-22,0.57
1988-06-23,0.57
1988-06-24,0.58
1988-06-27,0.59
1988-06-28,0.58
1988-06-29,0.59
1988-06-30,0.59
1988-07-01,0.59
1988-07-05,0.59
1988-07-06,0.58
1988-07-07,0.58
1988-07-08,0.59
1988-07-11,0.59
1988-07-12,0.59
1988-07-13,0.59
1988-07-14,0.59
1988-07-15,0.6
1988-07-18,0.6
1988-07-19,0.59
1988-07-20,0.58
1988-07-21,0.58
1988-07-22,0.57
1988-07-25,0.58
1988-07-26,0.58
1988-07-27,0.58
1988-07-28,0.58
1988-07-29,0.58
1988-08-01,0.58
1988-08-02,0.58
1988-08-03,0.58
1988-08-04,0.59
1988-08-05,0.59
1988-08-08,0.59
1988-08-09,0.59
1988-08-10,0.59
1988-08-11,0.59
1988-08-12,0.58
1988-08-15,0.58
1988-08-16,0.58
1988-08-17,0.59
1988-08-18,0.59
1988-08-19,0.59
1988-08-22,0.6
1988-08-23,0.6
1988-08-24,0.6
1988-08-25,0.59
1988-08-26,0.59
1988-08-29,0.59
1988-08-30,0.59
1988-08-31,0.59
1988-09-01,0.6
1988-09-02,0.59
1988-09-06,0.59
1988-09-07,0.59
1988-09-08,0.59
1988-09-09,0.59
1988-09-12,0.59
1988-09-13,0.59
1988-09-14,0.6
1988-09-15,0.6
1988-09-16,0.6
1988-09-19,0.6
1988-09-20,0.59
1988-09-21,0.6
1988-09-22,0.6
1988-09-23,0.6
1988-09-26,0.6
1988-09-27,0.6
1988-09-28,0.59
1988-09-29,0.59
1988-09-30,0.59
1988-10-03,0.59
1988-10-04,0.59
1988-10-05,0.59
1988-10-06,0.59
1988-10-07,0.59
1988-10-11,0.58
1988-10-12,0.58
1988-10-13,0.57
1988-10-14,0.57
1988-10-17,0.57
1988-10-18,0.57
1988-10-19,0.57
1988-10-20,0.57
1988-10-21,0.57
1988-10-24,0.57
1988-10-25,0.57
1988-10-26,0.57
1988-10-27,0.57
1988-10-28,0.57
1988-10-31,0.57
1988-11-01,0.57
1988-11-02,0.56
1988-11-03,0.56
1988-11-04,0.57
1988-11-07,0.56
1988-11-08,0.56
1988-11-09,0.56
1988-11-10,0.56
1988-11-14,0.55
1988-11-15,0.55
1988-11-16,0.55
1988-11-17,0.55
1988-11-18,0.55
1988-11-21,0.55
1988-11-22,0.55
1988-11-23,0.54
1988-11-25,0.54
1988-11-28,0.54
1988-11-29,0.54
1988-11-30,0.54
1988-12-01,0.54
1988-12-02,0.54
1988-12-05,0.53
1988-12-06,0.54
1988-12-07,0.54
1988-12-08,0.54
1988-12-09,0.54
1988-12-12,0.54
1988-12-13,0.55
1988-12-14,0.55
1988-12-15,0.55
1988-12-16,0.55
1988-12-19,0.55
1988-12-20,0.56
1988-12-21,0.55
1988-12-22,0.56
1988-12-23,0.56
1988-12-27,0.55
1988-12-28,0.56
1988-12-29,0.56
1988-12-30,0.55
1989-01-03,0.55
1989-01-04,0.55
1989-01-05,0.56
1989-01-06,0.56
1989-01-09,0.57
1989-01-10,0.57
1989-01-11,0.56
1989-01-12,0.56
1989-01-13,0.56
1989-01-17,0.57
1989-01-18,0.57
1989-01-19,0.57
1989-01-20,0.57
1989-01-23,0.56
1989-01-24,0.57
1989-01-25,0.56
1989-01-26,0.56
1989-01-27,0.57
1989-01-30,0.57
1989-01-31,0.57
1989-02-01,0.57
1989-02-02,0.57
1989-02-03,0.57
1989-02-06,0.58
1989-02-07,0.57
1989-02-08,0.57
1989-02-09,0.57
1989-02-10,0.57
1989-02-13,0.57
1989-02-14,0.57
1989-02-15,0.56
1989-02-16,0.56
1989-02-17,0.56
1989-02-21,0.57
1989-02-22,0.57
1989-02-23,0.57
1989-02-24,0.57
1989-02-27,0.57
1989-02-28,0.57
1989-03-01,0.58
1989-03-02,0.58
1989-03-03,0.58
1989-03-06,0.58
1989-03-07,0.58
1989-03-08,0.58
1989-03-09,0.58
1989-03-10,0.58
1989-03-13,0.58
1989-03-14,0.58
1989-03-15,0.58
1989-03-16,0.58
1989-03-17,0.58
1989-03-20,0.58
1989-03-21,0.58
1989-03-22,0.58
1989-03-23,0.58
1989-03-24,0.58
1989-03-27,0.58
1989-03-28,0.59
1989-03-29,0.59
1989-03-30,0.59
1989-03-31,0.59
1989-04-03,0.59
1989-04-04,0.59
1989-04-05,0.59
1989-04-06,0.59
1989-04-07,0.59
1989-04-10,0.59
1989-04-11,0.59
1989-04-12,0.59
1989-04-13,0.59
1989-04-14,0.59
1989-04-17,0.58
1989-04-18,0.58
1989-04-19,0.58
1989-04-20,0.58
1989-04-21,0.58
1989-04-24,0.59
1989-04-25,0.59
1989-04-26,0.59
1989-04-27,0.59
1989-04-28,0.59
1989-05-01,0.6
1989-05-02,0.59
1989-05-03,0.59
1989-05-04,0.59
1989-05-05,0.6
1989-05-08,0.6
1989-05-09,0.6
1989-05-10,0.6
1989-05-11,0.6
1989-05-12,0.6
1989-05-15,0.61
1989-05-16,0.61
1989-05-17,0.62
1989-05-18,0.62
1989-05-19,0.62
1989-05-22,0.63
1989-05-23,0.64
1989-05-24,0.64
1989-05-25,0.63
1989-05-26,0.63
1989-05-30,0.64
1989-05-31,0.64
1989-06-01,0.64
1989-06-02,0.63
1989-06-05,0.63
1989-06-06,0.64
1989-06-07,0.63
1989-06-08,0.64
1989-06-09,0.64
1989-06-12,0.66
1989-06-13,0.66
1989-06-14,0.66
1989-06-15,0.66
1989-06-16,0.65
1989-06-19,0.65
1989-06-20,0.65
1989-06-21,0.65
1989-06-22,0.64
1989-06-23,0.64
1989-06-26,0.65
1989-06-27,0.64
1989-06-28,0.64
1989-06-29,0.64
1989-06-30,0.65
1989-07-03,0.63
1989-07-05,0.62
1989-07-06,0.62
1989-07-07,0.62
1989-07-10,0.61
1989-07-11,0.61
1989-07-12,0.62
1989-07-13,0.62
1989-07-14,0.62
1989-07-17,0.62
1989-07-18,0.62
1989-07-19,0.62
1989-07-20,0.61
1989-07-21,0.62
1989-07-24,0.62
1989-07-25,0.62
1989-07-26,0.61
1989-07-27,0.6
1989-07-28,0.61
1989-07-31,0.6
1989-08-01,0.6
1989-08-02,0.6
1989-08-03,0.61
1989-08-04,0.62
1989-08-07,0.62
1989-08-08,0.62
1989-08-09,0.62
1989-08-10,0.61
1989-08-11,0.63
1989-08-14,0.63
1989-08-15,0.64
1989-08-16,0.63
1989-08-17,0.64
1989-08-18,0.64
1989-08-21,0.63
1989-08-22,0.63
1989-08-23,0.64
1989-08-24,0.64
1989-08-25,0.64
1989-08-28,0.64
1989-08-29,0.63
1989-08-30,0.63
1989-08-31,0.64
1989-09-01,0.64
1989-09-05,0.65
1989-09-06,0.64
1989-09-07,0.65
1989-09-08,0.65
1989-09-11,0.65
1989-09-12,0.65
1989-09-13,0.64
1989-09-14,0.64
1989-09-15,0.65
1989-09-18,0.64
1989-09-19,0.64
1989-09-20,0.63
1989-09-21,0.63
1989-09-22,0.63
1989-09-25,0.62
1989-09-26,0.62
1989-09-27,0.62
1989-09-28,0.62
1989-09-29,0.62
1989-10-02,0.62
1989-10-03,0.62
1989-10-04,0.62
1989-10-05,0.62
1989-10-06,0.62
1989-10-10,0.64
1989-10-11,0.65
1989-10-12,0.64
1989-10-13,0.64
1989-10-16,0.64
1989-10-17,0.63
1989-10-18,0.63
1989-10-19,0.63
1989-10-20,0.63
1989-10-23,0.63
1989-10-24,0.62
1989-10-25,0.62
1989-10-26,0.62
1989-10-27,0.63
1989-10-30,0.63
1989-10-31,0.63
1989-11-01,0.63
1989-11-02,0.64
1989-11-03,0.64
1989-11-06,0.63
1989-11-07,0.63
1989-11-08,0.63
1989-11-09,0.63
1989-11-10,0.63
1989-11-13,0.63
1989-11-14,0.63
1989-11-15,0.63
1989-11-16,0.63
1989-11-17,0.64
1989-11-20,0.64
1989-11-21,0.64
1989-11-22,0.64
1989-11-24,0.64
1989-11-27,0.64
1989-11-28,0.64
1989-11-29,0.64
1989-11-30,0.64
1989-12-01,0.64
1989-12-04,0.64
1989-12-05,0.64
1989-12-06,0.63
1989-12-07,0.63
1989-12-08,0.64
1989-12-11,0.63
1989-12-12,0.62
1989-12-13,0.63
1989-12-14,0.63
1989-12-15,0.62
1989-12-18,0.62
1989-12-19,0.63
1989-12-20,0.62
1989-12-21,0.62
1989-12-22,0.62
1989-12-26,0.62
1989-12-27,0.62
1989-12-28,0.62
1989-12-29,0.62
1990-01-02,0.62
1990-01-03,0.62
1990-01-04,0.61
1990-01-05,0.61
1990-01-08,0.6
1990-01-09,0.6
1990-01-10,0.6
1990-01-11,0.6
1990-01-12,0.6
1990-01-16,0.6
1990-01-17,0.61
1990-01-18,0.61
1990-01-19,0.61
1990-01-22,0.61
1990-01-23,0.61
1990-01-24,0.6
1990-01-25,0.6
1990-01-26,0.6
1990-01-29,0.6
1990-01-30,0.59
1990-01-31,0.6
1990-02-01,0.59
1990-02-02,0.59
1990-02-05,0.59
1990-02-06,0.59
1990-02-07,0.59
1990-02-08,0.59
1990-02-09,0.59
1990-02-12,0.59
1990-02-13,0.59
1990-02-14,0.59
1990-02-15,0.59
1990-02-16,0.59
1990-02-20,0.59
1990-02-21,0.58
1990-02-22,0.58
1990-02-23,0.58
1990-02-26,0.59
1990-02-27,0.59
1990-02-28,0.59
1990-03-01,0.6
1990-03-02,0.61
1990-03-05,0.61
1990-03-06,0.61
1990-03-07,0.61
1990-03-08,0.61
1990-03-09,0.62
1990-03-12,0.62
1990-03-13,0.62
1990-03-14,0.62
1990-03-15,0.62
1990-03-16,0.62
1990-03-19,0.62
1990-03-20,0.62
1990-03-21,0.63
1990-03-22,0.62
1990-03-23,0.62
1990-03-26,0.62
1990-03-27,0.61
1990-03-28,0.61
1990-03-29,0.61
1990-03-30,0.61
1990-04-02,0.61
1990-04-03,0.61
1990-04-04,0.61
1990-04-05,0.61
1990-04-06,0.61
1990-04-09,0.61
1990-04-10,0.61
1990-04-11,0.61
1990-04-12,0.61
1990-04-13,0.61
1990-04-16,0.61
1990-04-17,0.61
1990-04-18,0.61
1990-04-19,0.61
1990-04-20,0.61
1990-04-23,0.61
1990-04-24,0.61
1990-04-25,0.61
1990-04-26,0.61
1990-04-27,0.61
1990-04-30,0.61
1990-05-01,0.61
1990-05-02,0.61
1990-05-03,0.61
1990-05-04,0.6
1990-05-07,0.6
1990-05-08,0.6
1990-05-09,0.6
1990-05-10,0.6
1990-05-11,0.59
1990-05-14,0.59
1990-05-15,0.6
1990-05-16,0.6
1990-05-17,0.59
1990-05-18,0.59
1990-05-21,0.59
1990-05-22,0.59
1990-05-23,0.59
1990-05-24,0.59
1990-05-25,0.59
1990-05-29,0.59
1990-05-30,0.59
1990-05-31,0.6
1990-06-01,0.59
1990-06-04,0.6
1990-06-05,0.59
1990-06-06,0.59
1990-06-07,0.59
1990-06-08,0.59
1990-06-11,0.59
1990-06-12,0.59
1990-06-13,0.59
1990-06-14,0.59
1990-06-15,0.59
1990-06-18,0.58
1990-06-19,0.58
1990-06-20,0.58
1990-06-21,0.58
1990-06-22,0.58
1990-06-25,0.58
1990-06-26,0.58
1990-06-27,0.57
1990-06-28,0.57
1990-06-29,0.57
1990-07-02,0.57
1990-07-03,0.56
1990-07-05,0.56
1990-07-06,0.56
1990-07-09,0.55
1990-07-10,0.55
1990-07-11,0.56
1990-07-12,0.56
1990-07-13,0.55
1990-07-16,0.55
1990-07-17,0.55
1990-07-18,0.55
1990-07-19,0.55
1990-07-20,0.55
1990-07-23,0.55
1990-07-24,0.55
1990-07-25,0.55
1990-07-26,0.55
1990-07-27,0.55
1990-07-30,0.54
1990-07-31,0.54
1990-08-01,0.54
1990-08-02,0.54
1990-08-03,0.54
1990-08-06,0.53
1990-08-07,0.53
1990-08-08,0.54
1990-08-09,0.53
1990-08-10,0.53
1990-08-13,0.53
1990-08-14,0.53
1990-08-15,0.53
1990-08-16,0.53
1990-08-17,0.52
1990-08-20,0.52
1990-08-21,0.52
1990-08-22,0.52
1990-08-23,0.51
1990-08-24,0.51
1990-08-27,0.51
1990-08-28,0.51
1990-08-29,0.51
1990-08-30,0.52
1990-08-31,0.53
1990-09-04,0.53
1990-09-05,0.53
1990-09-06,0.52
1990-09-07,0.53
1990-09-10,0.54
1990-09-11,0.54
1990-09-12,0.54
1990-09-13,0.53
1990-09-14,0.53
1990-09-17,0.53
1990-09-18,0.52
1990-09-19,0.53
1990-09-20,0.54
1990-09-21,0.54
1990-09-24,0.53
1990-09-25,0.53
1990-09-26,0.54
1990-09-27,0.53
1990-09-28,0.53
1990-10-01,0.53
1990-10-02,0.53
1990-10-03,0.53
1990-10-04,0.52
1990-10-05,0.51
1990-10-09,0.51
1990-10-10,0.51
1990-10-11,0.51
1990-10-12,0.51
1990-10-15,0.51
1990-10-16,0.51
1990-10-17,0.51
1990-10-18,0.51
1990-10-19,0.51
1990-10-22,0.51
1990-10-23,0.51
1990-10-24,0.51
1990-10-25,0.51
1990-10-26,0.51
1990-10-29,0.51
1990-10-30,0.51
1990-10-31,0.51
1990-11-01,0.51
1990-11-02,0.51
1990-11-05,0.51
1990-11-06,0.51
1990-11-07,0.51
1990-11-08,0.51
1990-11-09,0.51
1990-11-13,0.51
1990-11-14,0.51
1990-11-15,0.51
1990-11-16,0.51
1990-11-19,0.51
1990-11-20,0.51
1990-11-21,0.51
1990-11-23,0.51
1990-11-26,0.51
1990-11-27,0.51
1990-11-28,0.51
1990-11-29,0.51
1990-11-30,0.52
1990-12-03,0.52
1990-12-04,0.52
1990-12-05,0.52
1990-12-06,0.52
1990-12-07,0.51
1990-12-10,0.51
1990-12-11,0.52
1990-12-12,0.51
1990-12-13,0.51
1990-12-14,0.52
1990-12-17,0.52
1990-12-18,0.52
1990-12-19,0.52
1990-12-20,0.52
1990-12-21,0.53
1990-12-24,0.54
1990-12-26,0.53
1990-12-27,0.53
1990-12-28,0.52
1990-12-31,0.52
1991-01-02,0.51
1991-01-03,0.51
1991-01-04,0.52
1991-01-07,0.52
1991-01-08,0.52
1991-01-09,0.52
1991-01-10,0.52
1991-01-11,0.52
1991-01-14,0.53
1991-01-15,0.53
1991-01-16,0.53
1991-01-17,0.52
1991-01-18,0.52
1991-01-22,0.51
1991-01-23,0.51
1991-01-24,0.51
1991-01-25,0.51
1991-01-28,0.51
1991-01-29,0.51
1991-01-30,0.51
1991-01-31,0.51
1991-02-01,0.51
1991-02-04,0.51
1991-02-05,0.5
1991-02-06,0.5
1991-02-07,0.5
1991-02-08,0.5
1991-02-11,0.5
1991-02-12,0.5
1991-02-13,0.5
1991-02-14,0.51
1991-02-15,0.51
1991-02-19,0.51
1991-02-20,0.51
1991-02-21,0.51
1991-02-22,0.51
1991-02-25,0.52
1991-02-26,0.52
1991-02-27,0.52
1991-02-28,0.52
1991-03-01,0.53
1991-03-04,0.53
1991-03-05,0.53
1991-03-06,0.53
1991-03-07,0.53
1991-03-08,0.53
1991-03-11,0.54
1991-03-12,0.54
1991-03-13,0.54
1991-03-14,0.54
1991-03-15,0.55
1991-03-18,0.56
1991-03-19,0.57
1991-03-20,0.56
1991-03-21,0.56
1991-03-22,0.56
1991-03-25,0.57
1991-03-26,0.57
1991-03-27,0.57
1991-03-28,0.58
1991-03-29,0.57
1991-04-01,0.57
1991-04-02,0.56
1991-04-03,0.56
1991-04-04,0.56
1991-04-05,0.56
1991-04-08,0.57
1991-04-09,0.56
1991-04-10,0.56
1991-04-11,0.56
1991-04-12,0.56
1991-04-15,0.56
1991-04-16,0.56
1991-04-17,0.56
1991-04-18,0.56
1991-04-19,0.58
1991-04-22,0.59
1991-04-23,0.58
1991-04-24,0.59
1991-04-25,0.59
1991-04-26,0.59
1991-04-29,0.6
1991-04-30,0.58
1991-05-01,0.58
1991-05-02,0.58
1991-05-03,0.59
1991-05-06,0.59
1991-05-07,0.58
1991-05-08,0.58
1991-05-09,0.59
1991-05-10,0.58
1991-05-13,0.58
1991-05-14,0.58
1991-05-15,0.57
1991-05-16,0.57
1991-05-17,0.58
1991-05-20,0.58
1991-05-21,0.58
1991-05-22,0.58
1991-05-23,0.58
1991-05-24,0.58
1991-05-28,0.57
1991-05-29,0.58
1991-05-30,0.58
1991-05-31,0.59
1991-06-03,0.59
1991-06-04,0.59
1991-06-05,0.59
1991-06-06,0.59
1991-06-07,0.6
1991-06-10,0.6
1991-06-11,0.6
1991-06-12,0.61
1991-06-13,0.61
1991-06-14,0.61
1991-06-17,0.62
1991-06-18,0.62
1991-06-19,0.61
1991-06-20,0.61
1991-06-21,0.61
1991-06-24,0.61
1991-06-25,0.61
1991-06-26,0.61
1991-06-27,0.61
1991-06-28,0.62
1991-07-01,0.62
1991-07-02,0.62
1991-07-03,0.62
1991-07-05,0.62
1991-07-08,0.61
1991-07-09,0.62
1991-07-10,0.62
1991-07-11,0.62
1991-07-12,0.61
1991-07-15,0.61
1991-07-16,0.61
1991-07-17,0.61
1991-07-18,0.6
1991-07-19,0.59
1991-07-22,0.59
1991-07-23,0.59
1991-07-24,0.59
1991-07-25,0.6
1991-07-26,0.59
1991-07-29,0.6
1991-07-30,0.6
1991-07-31,0.59
1991-08-01,0.6
1991-08-02,0.59
1991-08-05,0.58
1991-08-06,0.58
1991-08-07,0.58
1991-08-08,0.59
1991-08-09,0.59
1991-08-12,0.59
1991-08-13,0.59
1991-08-14,0.59
1991-08-15,0.59
1991-08-16,0.6
1991-08-19,0.61
1991-08-20,0.61
1991-08-21,0.6
1991-08-22,0.59
1991-08-23,0.6
1991-08-26,0.6
1991-08-27,0.6
1991-08-28,0.59
1991-08-29,0.6
1991-08-30,0.6
1991-09-03,0.59
1991-09-04,0.59
1991-09-05,0.59
1991-09-06,0.59
1991-09-09,0.58
1991-09-10,0.58
1991-09-11,0.58
1991-09-12,0.58
1991-09-13,0.58
1991-09-16,0.58
1991-09-17,0.57
1991-09-18,0.58
1991-09-19,0.58
1991-09-20,0.58
1991-09-23,0.57
1991-09-24,0.58
1991-09-25,0.58
1991-09-26,0.58
1991-09-27,0.58
1991-09-30,0.57
1991-10-01,0.57
1991-10-02,0.57
1991-10-03,0.57
1991-10-04,0.58
1991-10-07,0.58
1991-10-08,0.58
1991-10-09,0.58
1991-10-10,0.58
1991-10-11,0.58
1991-10-15,0.59
1991-10-16,0.58
1991-10-17,0.58
1991-10-18,0.58
1991-10-21,0.58
1991-10-22,0.58
1991-10-23,0.59
1991-10-24,0.58
1991-10-25,0.58
1991-10-28,0.59
1991-10-29,0.58
1991-10-30,0.57
1991-10-31,0.57
1991-11-01,0.57
1991-11-04,0.56
1991-11-05,0.57
1991-11-06,0.56
1991-11-07,0.56
1991-11-08,0.57
1991-11-12,0.56
1991-11-13,0.56
1991-11-14,0.56
1991-11-15,0.57
1991-11-18,0.56
1991-11-19,0.56
1991-11-20,0.56
1991-11-21,0.56
1991-11-22,0.56
1991-11-25,0.56
1991-11-26,0.56
1991-11-27,0.57
1991-11-29,0.57
1991-12-02,0.56
1991-12-03,0.56
1991-12-04,0.56
1991-12-05,0.56
1991-12-06,0.55
1991-12-09,0.55
1991-12-10,0.55
1991-12-11,0.55
1991-12-12,0.55
1991-12-13,0.55
1991-12-16,0.55
1991-12-17,0.55
1991-12-18,0.55
1991-12-19,0.55
1991-12-20,0.54
1991-12-23,0.53
1991-12-24,0.53
1991-12-26,0.53
1991-12-27,0.53
1991-12-30,0.54
1991-12-31,0.54
1992-01-02,0.54
1992-01-03,0.54
1992-01-06,0.53
1992-01-07,0.53
1992-01-08,0.53
1992-01-09,0.55
1992-01-10,0.56
1992-01-13,0.56
1992-01-14,0.56
1992-01-15,0.57
1992-01-16,0.57
1992-01-17,0.56
1992-01-21,0.55
1992-01-22,0.55
1992-01-23,0.56
1992-01-24,0.55
1992-01-27,0.56
1992-01-28,0.56
1992-01-29,0.55
1992-01-30,0.56
1992-01-31,0.56
1992-02-03,0.56
1992-02-04,0.56
1992-02-05,0.55
1992-02-06,0.55
1992-02-07,0.54
1992-02-10,0.55
1992-02-11,0.56
1992-02-12,0.56
1992-02-13,0.56
1992-02-14,0.57
1992-02-18,0.57
1992-02-19,0.57
1992-02-20,0.57
1992-02-21,0.57
1992-02-24,0.57
1992-02-25,0.57
1992-02-26,0.57
1992-02-27,0.57
1992-02-28,0.57
1992-03-02,0.57
1992-03-03,0.58
1992-03-04,0.58
1992-03-05,0.58
1992-03-06,0.58
1992-03-09,0.58
1992-03-10,0.58
1992-03-11,0.58
1992-03-12,0.59
1992-03-13,0.58
1992-03-16,0.58
1992-03-17,0.58
1992-03-18,0.58
1992-03-19,0.58
1992-03-20,0.59
1992-03-23,0.58
1992-03-24,0.58
1992-03-25,0.58
1992-03-26,0.58
1992-03-27,0.57
1992-03-30,0.58
1992-03-31,0.58
1992-04-01,0.58
1992-04-02,0.58
1992-04-03,0.57
1992-04-06,0.57
1992-04-07,0.57
1992-04-08,0.57
1992-04-09,0.57
1992-04-10,0.57
1992-04-13,0.57
1992-04-14,0.56
1992-04-15,0.57
1992-04-16,0.57
1992-04-17,0.57
1992-04-20,0.57
1992-04-21,0.57
1992-04-22,0.57
1992-04-23,0.57
1992-04-24,0.56
1992-04-27,0.56
1992-04-28,0.56
1992-04-29,0.57
1992-04-30,0.56
1992-05-01,0.56
1992-05-04,0.56
1992-05-05,0.56
1992-05-06,0.56
1992-05-07,0.56
1992-05-08,0.56
1992-05-11,0.56
1992-05-12,0.55
1992-05-13,0.55
1992-05-14,0.55
1992-05-15,0.55
1992-05-18,0.54
1992-05-19,0.54
1992-05-20,0.55
1992-05-21,0.55
1992-05-22,0.55
1992-05-26,0.55
1992-05-27,0.56
1992-05-28,0.55
1992-05-29,0.55
1992-06-01,0.55
1992-06-02,0.55
1992-06-03,0.55
1992-06-04,0.55
1992-06-05,0.54
1992-06-08,0.55
1992-06-09,0.55
1992-06-10,0.55
1992-06-11,0.54
1992-06-12,0.54
1992-06-15,0.54
1992-06-16,0.54
1992-06-17,0.54
1992-06-18,0.54
1992-06-19,0.54
1992-06-22,0.54
1992-06-23,0.54
1992-06-24,0.53
1992-06-25,0.53
1992-06-26,0.53
1992-06-29,0.52
1992-06-30,0.53
1992-07-01,0.52
1992-07-02,0.52
1992-07-03,0.52
1992-07-06,0.52
1992-07-07,0.52
1992-07-08,0.52
1992-07-09,0.53
1992-07-10,0.52
1992-07-13,0.52
1992-07-14,0.52
1992-07-15,0.52
1992-07-16,0.52
1992-07-17,0.51
1992-07-20,0.52
1992-07-21,0.52
1992-07-22,0.53
1992-07-23,0.52
1992-07-24,0.53
1992-07-27,0.52
1992-07-28,0.52
1992-07-29,0.52
1992-07-30,0.52
1992-07-31,0.52
1992-08-03,0.52
1992-08-04,0.52
1992-08-05,0.52
1992-08-06,0.52
1992-08-07,0.52
1992-08-10,0.52
1992-08-11,0.52
1992-08-12,0.52
1992-08-13,0.52
1992-08-14,0.52
1992-08-17,0.52
1992-08-18,0.52
1992-08-19,0.52
1992-08-20,0.52
1992-08-21,0.51
1992-08-24,0.5
1992-08-25,0.5
1992-08-26,0.5
1992-08-27,0.51
1992-08-28,0.5
1992-08-31,0.5
1992-09-01,0.5
1992-09-02,0.5
1992-09-03,0.5
1992-09-04,0.5
1992-09-08,0.5
1992-09-09,0.51
1992-09-10,0.51
1992-09-11,0.52
1992-09-14,0.53
1992-09-15,0.53
1992-09-16,0.55
1992-09-17,0.56
1992-09-18,0.58
1992-09-21,0.58
1992-09-22,0.59
1992-09-23,0.59
1992-09-24,0.59
1992-09-25,0.58
1992-09-28,0.58
1992-09-29,0.57
1992-09-30,0.56
1992-10-01,0.58
1992-10-02,0.59
1992-10-05,0.59
1992-10-06,0.58
1992-10-07,0.58
1992-10-08,0.59
1992-10-09,0.59
1992-10-13,0.58
1992-10-14,0.58
1992-10-15,0.59
1992-10-16,0.6
1992-10-19,0.61
1992-10-20,0.62
1992-10-21,0.62
1992-10-22,0.62
1992-10-23,0.62
1992-10-26,0.63
1992-10-27,0.63
1992-10-28,0.63
1992-10-29,0.64
1992-10-30,0.64
1992-11-02,0.65
1992-11-03,0.65
1992-11-04,0.64
1992-11-05,0.65
1992-11-06,0.65
1992-11-09,0.66
1992-11-10,0.66
1992-11-12,0.66
1992-11-13,0.65
1992-11-16,0.66
1992-11-17,0.66
1992-11-18,0.66
1992-11-19,0.65
1992-11-20,0.66
1992-11-23,0.66
1992-11-24,0.66
1992-11-25,0.66
1992-11-27,0.66
1992-11-30,0.66
1992-12-01,0.65
1992-12-02,0.65
1992-12-03,0.64
1992-12-04,0.64
1992-12-07,0.63
1992-12-08,0.63
1992-12-09,0.64
1992-12-10,0.64
1992-12-11,0.64
1992-12-14,0.64
1992-12-15,0.64
1992-12-16,0.63
1992-12-17,0.64
1992-12-18,0.64
1992-12-21,0.64
1992-12-22,0.65
1992-12-23,0.66
1992-12-24,0.66
1992-12-28,0.66
1992-12-29,0.66
1992-12-30,0.66
1992-12-31,0.66
1993-01-04,0.67
1993-01-05,0.65
1993-01-06,0.65
1993-01-07,0.65
1993-01-08,0.65
1993-01-11,0.64
1993-01-12,0.65
1993-01-13,0.65
1993-01-14,0.65
1993-01-15,0.65
1993-01-19,0.65
1993-01-20,0.65
1993-01-21,0.66
1993-01-22,0.65
1993-01-25,0.64
1993-01-26,0.65
1993-01-27,0.66
1993-01-28,0.66
1993-01-29,0.67
1993-02-01,0.69
1993-02-02,0.69
1993-02-03,0.7
1993-02-04,0.69
1993-02-05,0.69
1993-02-08,0.69
1993-02-09,0.7
1993-02-10,0.7
1993-02-11,0.71
1993-02-12,0.71
1993-02-16,0.69
1993-02-17,0.69
1993-02-18,0.69
1993-02-19,0.69
1993-02-22,0.69
1993-02-23,0.69
1993-02-24,0.7
1993-02-25,0.7
1993-02-26,0.7
1993-03-01,0.7
1993-03-02,0.69
1993-03-03,0.69
1993-03-04,0.69
1993-03-05,0.69
1993-03-08,0.69
1993-03-09,0.7
1993-03-10,0.7
1993-03-11,0.7
1993-03-12,0.7
1993-03-15,0.7
1993-03-16,0.69
1993-03-17,0.69
1993-03-18,0.68
1993-03-19,0.67
1993-03-22,0.67
1993-03-23,0.67
1993-03-24,0.67
1993-03-25,0.68
1993-03-26,0.67
1993-03-29,0.67
1993-03-30,0.67
1993-03-31,0.66
1993-04-01,0.66
1993-04-02,0.66
1993-04-05,0.66
1993-04-06,0.66
1993-04-07,0.66
1993-04-08,0.66
1993-04-09,0.65
1993-04-12,0.65
1993-04-13,0.64
1993-04-14,0.64
1993-04-15,0.65
1993-04-16,0.66
1993-04-19,0.65
1993-04-20,0.65
1993-04-21,0.65
1993-04-22,0.65
1993-04-23,0.63
1993-04-26,0.63
1993-04-27,0.63
1993-04-28,0.64
1993-04-29,0.64
1993-04-30,0.64
1993-05-03,0.64
1993-05-04,0.64
1993-05-05,0.64
1993-05-06,0.64
1993-05-07,0.64
1993-05-10,0.65
1993-05-11,0.65
1993-05-12,0.65
1993-05-13,0.66
1993-05-14,0.65
1993-05-17,0.65
1993-05-18,0.65
1993-05-19,0.65
1993-05-20,0.64
1993-05-21,0.65
1993-05-24,0.65
1993-05-25,0.65
1993-05-26,0.65
1993-05-27,0.64
1993-05-28,0.64
1993-06-01,0.64
1993-06-02,0.65
1993-06-03,0.65
1993-06-04,0.66
1993-06-07,0.66
1993-06-08,0.66
1993-06-09,0.66
1993-06-10,0.66
1993-06-11,0.66
1993-06-14,0.65
1993-06-15,0.66
1993-06-16,0.67
1993-06-17,0.66
1993-06-18,0.67
1993-06-21,0.67
1993-06-22,0.68
1993-06-23,0.68
1993-06-24,0.68
1993-06-25,0.68
1993-06-28,0.67
1993-06-29,0.67
1993-06-30,0.67
1993-07-01,0.66
1993-07-02,0.66
1993-07-06,0.66
1993-07-07,0.67
1993-07-08,0.67
1993-07-09,0.68
1993-07-12,0.68
1993-07-13,0.67
1993-07-14,0.67
1993-07-15,0.67
1993-07-16,0.68
1993-07-19,0.67
1993-07-20,0.67
1993-07-21,0.66
1993-07-22,0.66
1993-07-23,0.67
1993-07-26,0.67
1993-07-27,0.67
1993-07-28,0.67
1993-07-29,0.67
1993-07-30,0.67
1993-08-02,0.67
1993-08-03,0.66
1993-08-04,0.67
1993-08-05,0.67
1993-08-06,0.67
1993-08-09,0.67
1993-08-10,0.68
1993-08-11,0.68
1993-08-12,0.68
1993-08-13,0.69
1993-08-16,0.67
1993-08-17,0.67
1993-08-18,0.66
1993-08-19,0.66
1993-08-20,0.66
1993-08-23,0.67
1993-08-24,0.67
1993-08-25,0.67
1993-08-26,0.67
1993-08-27,0.67
1993-08-30,0.67
1993-08-31,0.67
1993-09-01,0.66
1993-09-02,0.67
1993-09-03,0.66
1993-09-07,0.65
1993-09-08,0.65
1993-09-09,0.65
1993-09-10,0.65
1993-09-13,0.65
1993-09-14,0.65
1993-09-15,0.64
1993-09-16,0.65
1993-09-17,0.65
1993-09-20,0.65
1993-09-21,0.67
1993-09-22,0.66
1993-09-23,0.66
1993-09-24,0.67
1993-09-27,0.66
1993-09-28,0.66
1993-09-29,0.66
1993-09-30,0.67
1993-10-01,0.66
1993-10-04,0.66
1993-10-05,0.66
1993-10-06,0.66
1993-10-07,0.66
1993-10-08,0.65
1993-10-12,0.65
1993-10-13,0.66
1993-10-14,0.66
1993-10-15,0.66
1993-10-18,0.67
1993-10-19,0.67
1993-10-20,0.67
1993-10-21,0.67
1993-10-22,0.68
1993-10-25,0.67
1993-10-26,0.68
1993-10-27,0.68
1993-10-28,0.68
1993-10-29,0.67
1993-11-01,0.68
1993-11-02,0.67
1993-11-03,0.68
1993-11-04,0.68
1993-11-05,0.67
1993-11-08,0.68
1993-11-09,0.68
1993-11-10,0.68
1993-11-12,0.67
1993-11-15,0.67
1993-11-16,0.67
1993-11-17,0.68
1993-11-18,0.68
1993-11-19,0.68
1993-11-22,0.68
1993-11-23,0.67
1993-11-24,0.67
1993-11-26,0.68
1993-11-29,0.67
1993-11-30,0.67
1993-12-01,0.68
1993-12-02,0.67
1993-12-03,0.67
1993-12-06,0.67
1993-12-07,0.67
1993-12-08,0.67
1993-12-09,0.67
1993-12-10,0.67
1993-12-13,0.67
1993-12-14,0.67
1993-12-15,0.67
1993-12-16,0.67
1993-12-17,0.67
1993-12-20,0.67
1993-12-21,0.67
1993-12-22,0.67
1993-12-23,0.66
1993-12-24,0.67
1993-12-27,0.67
1993-12-28,0.66
1993-12-29,0.67
1993-12-30,0.68
1993-12-31,0.68
1994-01-03,0.68
1994-01-04,0.67
1994-01-05,0.67
1994-01-06,0.67
1994-01-07,0.67
1994-01-10,0.67
1994-01-11,0.67
1994-01-12,0.67
1994-01-13,0.67
1994-01-14,0.67
1994-01-18,0.67
1994-01-19,0.67
1994-01-20,0.67
1994-01-21,0.67
1994-01-24,0.67
1994-01-25,0.67
1994-01-26,0.67
1994-01-27,0.67
1994-01-28,0.67
1994-01-31,0.67
1994-02-01,0.67
1994-02-02,0.67
1994-02-03,0.67
1994-02-04,0.68
1994-02-07,0.67
1994-02-08,0.68
1994-02-09,0.68
1994-02-10,0.68
1994-02-11,0.68
1994-02-14,0.68
1994-02-15,0.68
1994-02-16,0.68
1994-02-17,0.68
1994-02-18,0.68
1994-02-22,0.68
1994-02-23,0.68
1994-02-24,0.67
1994-02-25,0.67
1994-02-28,0.67
1994-03-01,0.67
1994-03-02,0.67
1994-03-03,0.67
1994-03-04,0.67
1994-03-07,0.67
1994-03-08,0.67
1994-03-09,0.67
1994-03-10,0.67
1994-03-11,0.67
1994-03-14,0.67
1994-03-15,0.67
1994-03-16,0.67
1994-03-17,0.67
1994-03-18,0.67
1994-03-21,0.67
1994-03-22,0.67
1994-03-23,0.67
1994-03-24,0.67
1994-03-25,0.67
1994-03-28,0.67
1994-03-29,0.67
1994-03-30,0.67
1994-03-31,0.67
1994-04-01,0.68
1994-04-04,0.68
1994-04-05,0.68
1994-04-06,0.68
1994-04-07,0.68
1994-04-08,0.68
1994-04-11,0.68
1994-04-12,0.68
1994-04-13,0.68
1994-04-14,0.68
1994-04-15,0.68
1994-04-18,0.68
1994-04-19,0.68
1994-04-20,0.67
1994-04-21,0.67
1994-04-22,0.67
1994-04-25,0.67
1994-04-26,0.67
1994-04-27,0.66
1994-04-28,0.66
1994-04-29,0.66
1994-05-02,0.66
1994-05-03,0.66
1994-05-04,0.67
1994-05-05,0.67
1994-05-06,0.67
1994-05-09,0.67
1994-05-10,0.67
1994-05-11,0.67
1994-05-12,0.67
1994-05-13,0.67
1994-05-16,0.67
1994-05-17,0.66
1994-05-18,0.66
1994-05-19,0.66
1994-05-20,0.66
1994-05-23,0.66
1994-05-24,0.66
1994-05-25,0.66
1994-05-26,0.66
1994-05-27,0.66
1994-05-31,0.66
1994-06-01,0.66
1994-06-02,0.66
1994-06-03,0.66
1994-06-06,0.66
1994-06-07,0.66
1994-06-08,0.66
1994-06-09,0.66
1994-06-10,0.66
1994-06-13,0.66
1994-06-14,0.66
1994-06-15,0.66
1994-06-16,0.66
1994-06-17,0.65
1994-06-20,0.65
1994-06-21,0.65
1994-06-22,0.65
1994-06-23,0.65
1994-06-24,0.64
1994-06-27,0.65
1994-06-28,0.64
1994-06-29,0.65
1994-06-30,0.65
1994-07-01,0.65
1994-07-05,0.65
1994-07-06,0.64
1994-07-07,0.65
1994-07-08,0.65
1994-07-11,0.64
1994-07-12,0.64
1994-07-13,0.64
1994-07-14,0.64
1994-07-15,0.64
1994-07-18,0.64
1994-07-19,0.64
1994-07-20,0.65
1994-07-21,0.65
1994-07-22,0.65
1994-07-25,0.65
1994-07-26,0.66
1994-07-27,0.65
1994-07-28,0.65
1994-07-29,0.65
1994-08-01,0.65
1994-08-02,0.65
1994-08-03,0.65
1994-08-04,0.65
1994-08-05,0.65
1994-08-08,0.65
1994-08-09,0.65
1994-08-10,0.65
1994-08-11,0.65
1994-08-12,0.65
1994-08-15,0.65
1994-08-16,0.65
1994-08-17,0.65
1994-08-18,0.65
1994-08-19,0.65
1994-08-22,0.64
1994-08-23,0.64
1994-08-24,0.64
1994-08-25,0.64
1994-08-26,0.65
1994-08-29,0.65
1994-08-30,0.65
1994-08-31,0.65
1994-09-01,0.65
1994-09-02,0.65
1994-09-06,0.65
1994-09-07,0.65
1994-09-08,0.65
1994-09-09,0.65
1994-09-12,0.64
1994-09-13,0.64
1994-09-14,0.64
1994-09-15,0.64
1994-09-16,0.63
1994-09-19,0.64
1994-09-20,0.64
1994-09-21,0.63
1994-09-22,0.63
1994-09-23,0.63
1994-09-26,0.64
1994-09-27,0.63
1994-09-28,0.63
1994-09-29,0.63
1994-09-30,0.63
1994-10-03,0.63
1994-10-04,0.63
1994-10-05,0.63
1994-10-06,0.63
1994-10-07,0.63
1994-10-11,0.63
1994-10-12,0.63
1994-10-13,0.63
1994-10-14,0.63
1994-10-17,0.62
1994-10-18,0.62
1994-10-19,0.62
1994-10-20,0.62
1994-10-21,0.62
1994-10-24,0.61
1994-10-25,0.61
1994-10-26,0.61
1994-10-27,0.61
1994-10-28,0.62
1994-10-31,0.61
1994-11-01,0.61
1994-11-02,0.61
1994-11-03,0.62
1994-11-04,0.62
1994-11-07,0.62
1994-11-08,0.62
1994-11-09,0.62
1994-11-10,0.63
1994-11-14,0.63
1994-11-15,0.63
1994-11-16,0.64
1994-11-17,0.63
1994-11-18,0.64
1994-11-21,0.64
1994-11-22,0.64
1994-11-23,0.64
1994-11-25,0.64
1994-11-28,0.64
1994-11-29,0.64
1994-11-30,0.64
1994-12-01,0.64
1994-12-02,0.64
1994-12-05,0.64
1994-12-06,0.64
1994-12-07,0.64
1994-12-08,0.64
1994-12-09,0.64
1994-12-12,0.64
1994-12-13,0.64
1994-12-14,0.64
1994-12-15,0.64
1994-12-16,0.64
1994-12-19,0.64
1994-12-20,0.64
1994-12-21,0.64
1994-12-22,0.65
1994-12-23,0.65
1994-12-27,0.65
1994-12-28,0.65
1994-12-29,0.64
1994-12-30,0.64
1995-01-03,0.64
1995-01-04,0.64
1995-01-05,0.64
1995-01-06,0.64
1995-01-09,0.64
1995-01-10,0.64
1995-01-11,0.64
1995-01-12,0.64
1995-01-13,0.64
1995-01-17,0.64
1995-01-18,0.64
1995-01-19,0.63
1995-01-20,0.63
1995-01-23,0.63
1995-01-24,0.63
1995-01-25,0.63
1995-01-26,0.63
1995-01-27,0.63
1995-01-30,0.63
1995-01-31,0.63
1995-02-01,0.63
1995-02-02,0.63
1995-02-03,0.64
1995-02-06,0.64
1995-02-07,0.64
1995-02-08,0.64
1995-02-09,0.64
1995-02-10,0.64
1995-02-13,0.64
1995-02-14,0.64
1995-02-15,0.64
1995-02-16,0.63
1995-02-17,0.63
1995-02-21,0.63
1995-02-22,0.63
1995-02-23,0.63
1995-02-24,0.63
1995-02-27,0.63
1995-02-28,0.63
1995-03-01,0.63
1995-03-02,0.63
1995-03-03,0.62
1995-03-06,0.61
1995-03-07,0.61
1995-03-08,0.62
1995-03-09,0.62
1995-03-10,0.63
1995-03-13,0.63
1995-03-14,0.63
1995-03-15,0.62
1995-03-16,0.63
1995-03-17,0.63
1995-03-20,0.63
1995-03-21,0.63
1995-03-22,0.63
1995-03-23,0.63
1995-03-24,0.63
1995-03-27,0.63
1995-03-28,0.62
1995-03-29,0.62
1995-03-30,0.63
1995-03-31,0.62
1995-04-03,0.62
1995-04-04,0.62
1995-04-05,0.62
1995-04-06,0.62
1995-04-07,0.62
1995-04-10,0.63
1995-04-11,0.63
1995-04-12,0.63
1995-04-13,0.62
1995-04-14,0.62
1995-04-17,0.62
1995-04-18,0.62
1995-04-19,0.62
1995-04-20,0.62
1995-04-21,0.62
1995-04-24,0.62
1995-04-25,0.62
1995-04-26,0.62
1995-04-27,0.62
1995-04-28,0.62
1995-05-01,0.62
1995-05-02,0.62
1995-05-03,0.62
1995-05-04,0.62
1995-05-05,0.63
1995-05-08,0.62
1995-05-09,0.63
1995-05-10,0.63
1995-05-11,0.64
1995-05-12,0.64
1995-05-15,0.64
1995-05-16,0.64
1995-05-17,0.64
1995-05-18,0.64
1995-05-19,0.64
1995-05-22,0.63
1995-05-23,0.64
1995-05-24,0.63
1995-05-25,0.62
1995-05-26,0.62
1995-05-30,0.62
1995-05-31,0.63
1995-06-01,0.63
1995-06-02,0.63
1995-06-05,0.63
1995-06-06,0.63
1995-06-07,0.63
1995-06-08,0.63
1995-06-09,0.63
1995-06-12,0.63
1995-06-13,0.63
1995-06-14,0.62
1995-06-15,0.63
1995-06-16,0.62
1995-06-19,0.63
1995-06-20,0.62
1995-06-21,0.62
1995-06-22,0.63
1995-06-23,0.62
1995-06-26,0.63
1995-06-27,0.63
1995-06-28,0.64
1995-06-29,0.63
1995-06-30,0.63
1995-07-03,0.63
1995-07-05,0.63
1995-07-06,0.63
1995-07-07,0.63
1995-07-10,0.63
1995-07-11,0.63
1995-07-12,0.63
1995-07-13,0.62
1995-07-14,0.63
1995-07-17,0.63
1995-07-18,0.63
1995-07-19,0.63
1995-07-20,0.63
1995-07-21,0.63
1995-07-24,0.63
1995-07-25,0.63
1995-07-26,0.63
1995-07-27,0.63
1995-07-28,0.62
1995-07-31,0.63
1995-08-01,0.63
1995-08-02,0.63
1995-08-03,0.62
1995-08-04,0.62
1995-08-07,0.62
1995-08-08,0.62
1995-08-09,0.62
1995-08-10,0.63
1995-08-11,0.63
1995-08-14,0.64
1995-08-15,0.64
1995-08-16,0.64
1995-08-17,0.65
1995-08-18,0.65
1995-08-21,0.65
1995-08-22,0.65
1995-08-23,0.65
1995-08-24,0.65
1995-08-25,0.65
1995-08-28,0.64
1995-08-29,0.65
1995-08-30,0.65
1995-08-31,0.64
1995-09-01,0.64
1995-09-05,0.64
1995-09-06,0.65
1995-09-07,0.65
1995-09-08,0.65
1995-09-11,0.65
1995-09-12,0.64
1995-09-13,0.65
1995-09-14,0.64
1995-09-15,0.64
1995-09-18,0.65
1995-09-19,0.65
1995-09-20,0.64
1995-09-21,0.64
1995-09-22,0.63
1995-09-25,0.64
1995-09-26,0.64
1995-09-27,0.64
1995-09-28,0.63
1995-09-29,0.63
1995-10-02,0.63
1995-10-03,0.63
1995-10-04,0.63
1995-10-05,0.63
1995-10-06,0.63
1995-10-10,0.63
1995-10-11,0.64
1995-10-12,0.64
1995-10-13,0.64
1995-10-16,0.63
1995-10-17,0.64
1995-10-18,0.64
1995-10-19,0.64
1995-10-20,0.63
1995-10-23,0.63
1995-10-24,0.63
1995-10-25,0.63
1995-10-26,0.64
1995-10-27,0.63
1995-10-30,0.63
1995-10-31,0.63
1995-11-01,0.63
1995-11-02,0.63
1995-11-03,0.63
1995-11-06,0.63
1995-11-07,0.63
1995-11-08,0.63
1995-11-09,0.63
1995-11-10,0.63
1995-11-13,0.64
1995-11-14,0.64
1995-11-15,0.64
1995-11-16,0.64
1995-11-17,0.64
1995-11-20,0.65
1995-11-21,0.64
1995-11-22,0.64
1995-11-24,0.64
1995-11-27,0.64
1995-11-28,0.65
1995-11-29,0.65
1995-11-30,0.65
1995-12-01,0.65
1995-12-04,0.65
1995-12-05,0.65
1995-12-06,0.65
1995-12-07,0.65
1995-12-08,0.65
1995-12-11,0.65
1995-12-12,0.65
1995-12-13,0.65
1995-12-14,0.65
1995-12-15,0.65
1995-12-18,0.65
1995-12-19,0.65
1995-12-20,0.65
1995-12-21,0.65
1995-12-22,0.65
1995-12-26,0.64
1995-12-27,0.64
1995-12-28,0.65
1995-12-29,0.64
1996-01-02,0.64
1996-01-03,0.64
1996-01-04,0.65
1996-01-05,0.64
1996-01-08,0.65
1996-01-09,0.65
1996-01-10,0.65
1996-01-11,0.65
1996-01-12,0.65
1996-01-16,0.65
1996-01-17,0.66
1996-01-18,0.66
1996-01-19,0.66
1996-01-22,0.66
1996-01-23,0.66
1996-01-24,0.66
1996-01-25,0.66
1996-01-26,0.67
1996-01-29,0.66
1996-01-30,0.67
1996-01-31,0.66
1996-02-01,0.66
1996-02-02,0.66
1996-02-05,0.65
1996-02-06,0.65
1996-02-07,0.65
1996-02-08,0.65
1996-02-09,0.65
1996-02-12,0.65
1996-02-13,0.65
1996-02-14,0.65
1996-02-15,0.65
1996-02-16,0.65
1996-02-20,0.65
1996-02-21,0.65
1996-02-22,0.65
1996-02-23,0.65
1996-02-26,0.65
1996-02-27,0.65
1996-02-28,0.65
1996-02-29,0.65
1996-03-01,0.65
1996-03-04,0.65
1996-03-05,0.65
1996-03-06,0.65
1996-03-07,0.65
1996-03-08,0.66
1996-03-11,0.66
1996-03-12,0.66
1996-03-13,0.66
1996-03-14,0.66
1996-03-15,0.66
1996-03-18,0.65
1996-03-19,0.65
1996-03-20,0.65
1996-03-21,0.65
1996-03-22,0.65
1996-03-25,0.66
1996-03-26,0.66
1996-03-27,0.66
1996-03-28,0.66
1996-03-29,0.66
1996-04-01,0.66
1996-04-02,0.66
1996-04-03,0.66
1996-04-04,0.65
1996-04-05,0.65
1996-04-08,0.65
1996-04-09,0.66
1996-04-10,0.66
1996-04-11,0.66
1996-04-12,0.66
1996-04-15,0.66
1996-04-16,0.66
1996-04-17,0.66
1996-04-18,0.66
1996-04-19,0.66
1996-04-22,0.66
1996-04-23,0.66
1996-04-24,0.66
1996-04-25,0.66
1996-04-26,0.66
1996-04-29,0.66
1996-04-30,0.66
1996-05-01,0.67
1996-05-02,0.67
1996-05-03,0.66
1996-05-06,0.66
1996-05-07,0.66
1996-05-08,0.66
1996-05-09,0.66
1996-05-10,0.66
1996-05-13,0.66
1996-05-14,0.66
1996-05-15,0.66
1996-05-16,0.66
1996-05-17,0.66
1996-05-20,0.66
1996-05-21,0.66
1996-05-22,0.66
1996-05-23,0.66
1996-05-24,0.66
1996-05-28,0.66
1996-05-29,0.66
1996-05-30,0.65
1996-05-31,0.65
1996-06-03,0.64
1996-06-04,0.65
1996-06-05,0.65
1996-06-06,0.65
1996-06-07,0.65
1996-06-10,0.65
1996-06-11,0.65
1996-06-12,0.65
1996-06-13,0.65
1996-06-14,0.65
1996-06-17,0.65
1996-06-18,0.65
1996-06-19,0.65
1996-06-20,0.65
1996-06-21,0.65
1996-06-24,0.65
1996-06-25,0.65
1996-06-26,0.65
1996-06-27,0.65
1996-06-28,0.64
1996-07-01,0.64
1996-07-02,0.64
1996-07-03,0.64
1996-07-05,0.64
1996-07-08,0.64
1996-07-09,0.65
1996-07-10,0.64
1996-07-11,0.64
1996-07-12,0.64
1996-07-15,0.65
1996-07-16,0.64
1996-07-17,0.65
1996-07-18,0.65
1996-07-19,0.65
1996-07-22,0.64
1996-07-23,0.64
1996-07-24,0.64
1996-07-25,0.64
1996-07-26,0.64
1996-07-29,0.64
1996-07-30,0.64
1996-07-31,0.64
1996-08-01,0.64
1996-08-02,0.65
1996-08-05,0.65
1996-08-06,0.65
1996-08-07,0.65
1996-08-08,0.65
1996-08-09,0.65
1996-08-12,0.64
1996-08-13,0.65
1996-08-14,0.65
1996-08-15,0.64
1996-08-16,0.65
1996-08-19,0.65
1996-08-20,0.65
1996-08-21,0.65
1996-08-22,0.64
1996-08-23,0.64
1996-08-26,0.64
1996-08-27,0.64
1996-08-28,0.64
1996-08-29,0.64
1996-08-30,0.64
1996-09-03,0.64
1996-09-04,0.64
1996-09-05,0.64
1996-09-06,0.64
1996-09-09,0.64
1996-09-10,0.64
1996-09-11,0.64
1996-09-12,0.64
1996-09-13,0.64
1996-09-16,0.64
1996-09-17,0.64
1996-09-18,0.64
1996-09-19,0.64
1996-09-20,0.64
1996-09-23,0.64
1996-09-24,0.64
1996-09-25,0.64
1996-09-26,0.64
1996-09-27,0.64
1996-09-30,0.64
1996-10-01,0.64
1996-10-02,0.64
1996-10-03,0.64
1996-10-04,0.64
1996-10-07,0.64
1996-10-08,0.64
1996-10-09,0.64
1996-10-10,0.64
1996-10-11,0.63
1996-10-15,0.63
1996-10-16,0.63
1996-10-17,0.63
1996-10-18,0.63
1996-10-21,0.63
1996-10-22,0.63
1996-10-23,0.63
1996-10-24,0.63
1996-10-25,0.62
1996-10-28,0.62
1996-10-29,0.62
1996-10-30,0.61
1996-10-31,0.61
1996-11-01,0.61
1996-11-04,0.61
1996-11-05,0.61
1996-11-06,0.61
1996-11-07,0.61
1996-11-08,0.61
1996-11-12,0.61
1996-11-13,0.6
1996-11-14,0.6
1996-11-15,0.6
1996-11-18,0.6
1996-11-19,0.6
1996-11-20,0.6
1996-11-21,0.59
1996-11-22,0.6
1996-11-25,0.6
1996-11-26,0.6
1996-11-27,0.6
1996-11-29,0.59
1996-12-02,0.59
1996-12-03,0.61
1996-12-04,0.61
1996-12-05,0.61
1996-12-06,0.61
1996-12-09,0.61
1996-12-10,0.61
1996-12-11,0.6
1996-12-12,0.6
1996-12-13,0.6
1996-12-16,0.6
1996-12-17,0.6
1996-12-18,0.6
1996-12-19,0.61
1996-12-20,0.6
1996-12-23,0.6
1996-12-24,0.6
1996-12-26,0.6
1996-12-27,0.59
1996-12-30,0.59
1996-12-31,0.58
1997-01-02,0.59
1997-01-03,0.59
1997-01-06,0.59
1997-01-07,0.59
1997-01-08,0.59
1997-01-09,0.59
1997-01-10,0.59
1997-01-13,0.6
1997-01-14,0.6
1997-01-15,0.6
1997-01-16,0.6
1997-01-17,0.6
1997-01-21,0.6
1997-01-22,0.6
1997-01-23,0.61
1997-01-24,0.61
1997-01-27,0.62
1997-01-28,0.62
1997-01-29,0.62
1997-01-30,0.62
1997-01-31,0.62
1997-02-03,0.62
1997-02-04,0.62
1997-02-05,0.61
1997-02-06,0.61
1997-02-07,0.62
1997-02-10,0.61
1997-02-11,0.61
1997-02-12,0.61
1997-02-13,0.62
1997-02-14,0.62
1997-02-18,0.62
1997-02-19,0.62
1997-02-20,0.62
1997-02-21,0.62
1997-02-24,0.61
1997-02-25,0.61
1997-02-26,0.61
1997-02-27,0.61
1997-02-28,0.61
1997-03-03,0.62
1997-03-04,0.62
1997-03-05,0.62
1997-03-06,0.62
1997-03-07,0.62
1997-03-10,0.62
1997-03-11,0.62
1997-03-12,0.63
1997-03-13,0.63
1997-03-14,0.62
1997-03-17,0.63
1997-03-18,0.63
1997-03-19,0.63
1997-03-20,0.63
1997-03-21,0.62
1997-03-24,0.62
1997-03-25,0.62
1997-03-26,0.61
1997-03-27,0.61
1997-03-28,0.61
1997-03-31,0.61
1997-04-01,0.61
1997-04-02,0.61
1997-04-03,0.61
1997-04-04,0.61
1997-04-07,0.61
1997-04-08,0.62
1997-04-09,0.62
1997-04-10,0.62
1997-04-11,0.62
1997-04-14,0.62
1997-04-15,0.62
1997-04-16,0.62
1997-04-17,0.61
1997-04-18,0.61
1997-04-21,0.61
1997-04-22,0.61
1997-04-23,0.62
1997-04-24,0.62
1997-04-25,0.62
1997-04-28,0.62
1997-04-29,0.61
1997-04-30,0.62
1997-05-01,0.62
1997-05-02,0.62
1997-05-05,0.62
1997-05-06,0.61
1997-05-07,0.61
1997-05-08,0.62
1997-05-09,0.62
1997-05-12,0.62
1997-05-13,0.61
1997-05-14,0.61
1997-05-15,0.61
1997-05-16,0.61
1997-05-19,0.61
1997-05-20,0.61
1997-05-21,0.61
1997-05-22,0.62
1997-05-23,0.61
1997-05-27,0.61
1997-05-28,0.61
1997-05-29,0.61
1997-05-30,0.61
1997-06-02,0.61
1997-06-03,0.61
1997-06-04,0.61
1997-06-05,0.61
1997-06-06,0.61
1997-06-09,0.61
1997-06-10,0.61
1997-06-11,0.61
1997-06-12,0.61
1997-06-13,0.61
1997-06-16,0.61
1997-06-17,0.61
1997-06-18,0.61
1997-06-19,0.61
1997-06-20,0.6
1997-06-23,0.6
1997-06-24,0.6
1997-06-25,0.6
1997-06-26,0.6
1997-06-27,0.6
1997-06-30,0.6
1997-07-01,0.6
1997-07-02,0.6
1997-07-03,0.59
1997-07-07,0.59
1997-07-08,0.59
1997-07-09,0.59
1997-07-10,0.59
1997-07-11,0.59
1997-07-14,0.59
1997-07-15,0.6
1997-07-16,0.6
1997-07-17,0.6
1997-07-18,0.6
1997-07-21,0.6
1997-07-22,0.6
1997-07-23,0.6
1997-07-24,0.6
1997-07-25,0.6
1997-07-28,0.61
1997-07-29,0.61
1997-07-30,0.62
1997-07-31,0.61
1997-08-01,0.61
1997-08-04,0.61
1997-08-05,0.62
1997-08-06,0.62
1997-08-07,0.63
1997-08-08,0.63
1997-08-11,0.63
1997-08-12,0.63
1997-08-13,0.63
1997-08-14,0.63
1997-08-15,0.62
1997-08-18,0.62
1997-08-19,0.62
1997-08-20,0.63
1997-08-21,0.63
1997-08-22,0.62
1997-08-25,0.62
1997-08-26,0.62
1997-08-27,0.62
1997-08-28,0.62
1997-08-29,0.62
1997-09-02,0.63
1997-09-03,0.63
1997-09-04,0.63
1997-09-05,0.63
1997-09-08,0.63
1997-09-09,0.63
1997-09-10,0.63
1997-09-11,0.63
1997-09-12,0.62
1997-09-15,0.62
1997-09-16,0.63
1997-09-17,0.63
1997-09-18,0.62
1997-09-19,0.62
1997-09-22,0.62
1997-09-23,0.62
1997-09-24,0.62
1997-09-25,0.61
1997-09-26,0.62
1997-09-29,0.62
1997-09-30,0.62
1997-10-01,0.62
1997-10-02,0.62
1997-10-03,0.62
1997-10-06,0.62
1997-10-07,0.62
1997-10-08,0.62
1997-10-09,0.62
1997-10-10,0.62
1997-10-14,0.62
1997-10-15,0.62
1997-10-16,0.62
1997-10-17,0.62
1997-10-20,0.61
1997-10-21,0.61
1997-10-22,0.61
1997-10-23,0.61
1997-10-24,0.61
1997-10-27,0.6
1997-10-28,0.6
1997-10-29,0.6
1997-10-30,0.6
1997-10-31,0.6
1997-11-03,0.6
1997-11-04,0.59
1997-11-05,0.6
1997-11-06,0.59
1997-11-07,0.59
1997-11-10,0.59
1997-11-12,0.59
1997-11-13,0.59
1997-11-14,0.59
1997-11-17,0.59
1997-11-18,0.59
1997-11-19,0.59
1997-11-20,0.59
1997-11-21,0.59
1997-11-24,0.59
1997-11-25,0.6
1997-11-26,0.6
1997-11-28,0.59
1997-12-01,0.59
1997-12-02,0.59
1997-12-03,0.59
1997-12-04,0.6
1997-12-05,0.6
1997-12-08,0.61
1997-12-09,0.61
1997-12-10,0.61
1997-12-11,0.6
1997-12-12,0.61
1997-12-15,0.61
1997-12-16,0.61
1997-12-17,0.61
1997-12-18,0.6
1997-12-19,0.6
1997-12-22,0.6
1997-12-23,0.6
1997-12-24,0.6
1997-12-26,0.6
1997-12-29,0.6
1997-12-30,0.6
1997-12-31,0.61
1998-01-02,0.61
1998-01-05,0.61
1998-01-06,0.61
1998-01-07,0.62
1998-01-08,0.62
1998-01-09,0.62
1998-01-12,0.62
1998-01-13,0.61
1998-01-14,0.61
1998-01-15,0.61
1998-01-16,0.61
1998-01-20,0.61
1998-01-21,0.61
1998-01-22,0.61
1998-01-23,0.6
1998-01-26,0.61
1998-01-27,0.61
1998-01-28,0.61
1998-01-29,0.61
1998-01-30,0.61
1998-02-02,0.61
1998-02-03,0.61
1998-02-04,0.6
1998-02-05,0.6
1998-02-06,0.61
1998-02-09,0.61
1998-02-10,0.62
1998-02-11,0.61
1998-02-12,0.61
1998-02-13,0.61
1998-02-17,0.61
1998-02-18,0.61
1998-02-19,0.61
1998-02-20,0.61
1998-02-23,0.61
1998-02-24,0.61
1998-02-25,0.61
1998-02-26,0.61
1998-02-27,0.61
1998-03-02,0.61
1998-03-03,0.61
1998-03-04,0.61
1998-03-05,0.61
1998-03-06,0.61
1998-03-09,0.61
1998-03-10,0.61
1998-03-11,0.61
1998-03-12,0.6
1998-03-13,0.6
1998-03-16,0.6
1998-03-17,0.6
1998-03-18,0.6
1998-03-19,0.6
1998-03-20,0.6
1998-03-23,0.6
1998-03-24,0.6
1998-03-25,0.6
1998-03-26,0.59
1998-03-27,0.59
1998-03-30,0.6
1998-03-31,0.6
1998-04-01,0.6
1998-04-02,0.6
1998-04-03,0.6
1998-04-06,0.6
1998-04-07,0.6
1998-04-08,0.6
1998-04-09,0.6
1998-04-10,0.6
1998-04-13,0.6
1998-04-14,0.59
1998-04-15,0.59
1998-04-16,0.59
1998-04-17,0.59
1998-04-20,0.6
1998-04-21,0.6
1998-04-22,0.6
1998-04-23,0.6
1998-04-24,0.6
1998-04-27,0.6
1998-04-28,0.6
1998-04-29,0.6
1998-04-30,0.6
1998-05-01,0.6
1998-05-04,0.6
1998-05-05,0.6
1998-05-06,0.6
1998-05-07,0.61
1998-05-08,0.61
1998-05-11,0.61
1998-05-12,0.61
1998-05-13,0.61
1998-05-14,0.61
1998-05-15,0.61
1998-05-18,0.62
1998-05-19,0.62
1998-05-20,0.61
1998-05-21,0.61
1998-05-22,0.61
1998-05-26,0.61
1998-05-27,0.61
1998-05-28,0.61
1998-05-29,0.61
1998-06-01,0.61
1998-06-02,0.61
1998-06-03,0.61
1998-06-04,0.61
1998-06-05,0.61
1998-06-08,0.61
1998-06-09,0.61
1998-06-10,0.61
1998-06-11,0.61
1998-06-12,0.61
1998-06-15,0.61
1998-06-16,0.61
1998-06-17,0.6
1998-06-18,0.6
1998-06-19,0.6
1998-06-22,0.6
1998-06-23,0.6
1998-06-24,0.6
1998-06-25,0.6
1998-06-26,0.6
1998-06-29,0.6
1998-06-30,0.6
1998-07-01,0.6
1998-07-02,0.6
1998-07-03,0.61
1998-07-06,0.61
1998-07-07,0.61
1998-07-08,0.61
1998-07-09,0.61
1998-07-10,0.61
1998-07-13,0.61
1998-07-14,0.61
1998-07-15,0.61
1998-07-16,0.61
1998-07-17,0.61
1998-07-20,0.61
1998-07-21,0.61
1998-07-22,0.61
1998-07-23,0.61
1998-07-24,0.6
1998-07-27,0.6
1998-07-28,0.61
1998-07-29,0.61
1998-07-30,0.61
1998-07-31,0.61
1998-08-03,0.62
1998-08-04,0.61
1998-08-05,0.61
1998-08-06,0.61
1998-08-07,0.61
1998-08-10,0.61
1998-08-11,0.61
1998-08-12,0.61
1998-08-13,0.61
1998-08-14,0.62
1998-08-17,0.62
1998-08-18,0.62
1998-08-19,0.62
1998-08-20,0.61
1998-08-21,0.61
1998-08-24,0.61
1998-08-25,0.61
1998-08-26,0.61
1998-08-27,0.61
1998-08-28,0.6
1998-08-31,0.6
1998-09-01,0.6
1998-09-02,0.6
1998-09-03,0.6
1998-09-04,0.6
1998-09-08,0.6
1998-09-09,0.6
1998-09-10,0.59
1998-09-11,0.59
1998-09-14,0.6
1998-09-15,0.6
1998-09-16,0.6
1998-09-17,0.59
1998-09-18,0.59
1998-09-21,0.59
1998-09-22,0.59
1998-09-23,0.6
1998-09-24,0.59
1998-09-25,0.59
1998-09-28,0.59
1998-09-29,0.59
1998-09-30,0.59
1998-10-01,0.59
1998-10-02,0.59
1998-10-05,0.59
1998-10-06,0.59
1998-10-07,0.59
1998-10-08,0.58
1998-10-09,0.59
1998-10-13,0.59
1998-10-14,0.59
1998-10-15,0.59
1998-10-16,0.59
1998-10-19,0.59
1998-10-20,0.59
1998-10-21,0.59
1998-10-22,0.59
1998-10-23,0.59
1998-10-26,0.59
1998-10-27,0.6
1998-10-28,0.6
1998-10-29,0.6
1998-10-30,0.6
1998-11-02,0.6
1998-11-03,0.6
1998-11-04,0.6
1998-11-05,0.6
1998-11-06,0.6
1998-11-09,0.6
1998-11-10,0.6
1998-11-12,0.6
1998-11-13,0.6
1998-11-16,0.6
1998-11-17,0.6
1998-11-18,0.6
1998-11-19,0.6
1998-11-20,0.6
1998-11-23,0.6
1998-11-24,0.6
1998-11-25,0.6
1998-11-27,0.61
1998-11-30,0.61
1998-12-01,0.6
1998-12-02,0.6
1998-12-03,0.6
1998-12-04,0.6
1998-12-07,0.6
1998-12-08,0.6
1998-12-09,0.6
1998-12-10,0.6
1998-12-11,0.59
1998-12-14,0.59
1998-12-15,0.59
1998-12-16,0.6
1998-12-17,0.6
1998-12-18,0.6
1998-12-21,0.6
1998-12-22,0.6
1998-12-23,0.6
1998-12-24,0.6
1998-12-28,0.6
1998-12-29,0.59
1998-12-30,0.6
1998-12-31,0.6
